"COMPLAINT_ID","CUSTOMER_ID","COMPLAINT_DATE","CATEGORY","STATUS","RESOLUTION_DAYS"
"1","55","""2026-09-25""","Technical Issue","Open","NULL"
"2","562","""2024-10-26""","Return/Refund","Resolved","24"
"3","498","""2025-05-09""","Delivery Delay","Resolved","24"
"4","561","""2025-01-06""","Service Complaint","Open","NULL"
"5","115","""2026-04-07""","Product Quality","Open","NULL"
"6","649","""2026-05-28""","Return/Refund","In Progress","12"
"7","87","""2025-10-26""","Technical Issue","In Progress","15"
"8","3","""2026-06-18""","Delivery Delay","Open","NULL"
"9","361","""2026-09-23""","Billing Issue","Resolved","1"
"10","100","""2025-06-06""","Technical Issue","In Progress","1"
"11","176","""2025-01-04""","Service Complaint","Resolved","36"
"12","687","""2025-06-01""","Return/Refund","Resolved","12"
"13","3","""2025-03-08""","Return/Refund","Open","NULL"
"14","972","""2025-12-07""","Delivery Delay","Resolved","8"
"15","34","""2025-10-18""","Return/Refund","Resolved","5"
"16","51","""2024-10-29""","Product Quality","Open","NULL"
"17","979","""2026-02-25""","Technical Issue","In Progress","10"
"18","46","""2025-01-06""","Technical Issue","Resolved","1"
"19","473","""2026-06-10""","Billing Issue","Resolved","23"
"20","28","""2026-07-02""","Delivery Delay","In Progress","13"
"21","732","""2025-01-16""","Delivery Delay","Resolved","22"
"22","83","""2026-04-26""","Technical Issue","In Progress","13"
"23","65","""2026-09-11""","Delivery Delay","In Progress","7"
"24","414","""2026-08-28""","Billing Issue","In Progress","6"
"25","174","""2024-10-17""","Billing Issue","Resolved","15"
"26","191","""2025-08-19""","Return/Refund","Resolved","12"
"27","25","""2026-02-05""","Delivery Delay","Resolved","27"
"28","185","""2025-03-09""","Delivery Delay","Resolved","4"
"29","107","""2026-07-24""","Billing Issue","Resolved","26"
"30","142","""2026-09-21""","Technical Issue","Resolved","9"
"31","163","""2026-03-08""","Technical Issue","Resolved","41"
"32","35","""2025-10-19""","Billing Issue","In Progress","3"
"33","23","""2026-08-26""","Return/Refund","Open","NULL"
"34","42","""2025-12-27""","Service Complaint","Open","NULL"
"35","406","""2025-10-31""","Service Complaint","Resolved","3"
"36","470","""2024-12-02""","Technical Issue","Resolved","4"
"37","6","""2024-12-23""","Product Quality","Open","NULL"
"38","660","""2025-09-11""","Technical Issue","Resolved","14"
"39","81","""2025-06-13""","Return/Refund","Open","NULL"
"40","93","""2025-08-28""","Return/Refund","Open","NULL"
"41","10","""2025-12-29""","Delivery Delay","Open","NULL"
"42","946","""2025-04-13""","Service Complaint","Open","NULL"
"43","363","""2026-03-03""","Technical Issue","Resolved","3"
"44","29","""2026-05-14""","Product Quality","Open","NULL"
"45","161","""2025-11-26""","Delivery Delay","In Progress","12"
"46","151","""2025-08-12""","Billing Issue","Resolved","10"
"47","172","""2025-12-11""","Delivery Delay","Resolved","7"
"48","53","""2025-06-11""","Product Quality","Open","NULL"
"49","213","""2025-05-19""","Delivery Delay","Resolved","41"
"50","34","""2025-06-25""","Return/Refund","Open","NULL"
"51","94","""2025-10-12""","Product Quality","In Progress","15"
"52","273","""2025-04-21""","Technical Issue","Resolved","10"
"53","796","""2026-02-15""","Delivery Delay","Open","NULL"
"54","220","""2026-05-05""","Service Complaint","Resolved","39"
"55","913","""2024-11-27""","Technical Issue","Resolved","3"
"56","227","""2026-08-25""","Service Complaint","Resolved","30"
"57","71","""2025-04-03""","Service Complaint","Open","NULL"
"58","191","""2024-10-10""","Return/Refund","In Progress","7"
"59","898","""2025-05-19""","Delivery Delay","In Progress","1"
"60","102","""2025-06-09""","Service Complaint","Open","NULL"
"61","982","""2026-03-05""","Delivery Delay","Resolved","37"
"62","509","""2025-12-13""","Return/Refund","Resolved","32"
"63","258","""2025-10-15""","Service Complaint","Resolved","45"
"64","143","""2026-08-30""","Technical Issue","Open","NULL"
"65","10","""2026-01-28""","Delivery Delay","In Progress","2"
"66","833","""2025-04-14""","Billing Issue","In Progress","9"
"67","95","""2025-12-17""","Billing Issue","Open","NULL"
"68","872","""2026-06-05""","Delivery Delay","Resolved","16"
"69","71","""2025-11-13""","Delivery Delay","Resolved","16"
"70","77","""2026-02-10""","Technical Issue","In Progress","2"
"71","151","""2025-01-16""","Service Complaint","In Progress","2"
"72","44","""2026-08-15""","Technical Issue","Resolved","1"
"73","272","""2025-01-06""","Product Quality","Resolved","20"
"74","277","""2025-06-16""","Product Quality","Resolved","6"
"75","351","""2026-01-16""","Technical Issue","In Progress","11"
"76","238","""2025-03-25""","Product Quality","Open","NULL"
"77","88","""2026-06-29""","Product Quality","In Progress","12"
"78","13","""2026-08-10""","Billing Issue","In Progress","10"
"79","102","""2025-12-14""","Return/Refund","Resolved","31"
"80","873","""2026-06-03""","Return/Refund","Resolved","24"
"81","16","""2024-10-23""","Service Complaint","Open","NULL"
"82","85","""2024-10-03""","Product Quality","Open","NULL"
"83","574","""2026-05-29""","Service Complaint","Resolved","8"
"84","663","""2025-09-02""","Return/Refund","In Progress","10"
"85","282","""2025-11-06""","Billing Issue","Open","NULL"
"86","153","""2025-03-27""","Delivery Delay","Resolved","6"
"87","60","""2026-04-03""","Service Complaint","Open","NULL"
"88","471","""2025-05-15""","Technical Issue","Resolved","44"
"89","8","""2026-01-05""","Return/Refund","Open","NULL"
"90","382","""2026-01-16""","Billing Issue","In Progress","12"
"91","462","""2026-02-13""","Product Quality","In Progress","3"
"92","619","""2025-08-31""","Technical Issue","In Progress","2"
"93","69","""2026-09-05""","Technical Issue","Open","NULL"
"94","554","""2026-04-15""","Service Complaint","In Progress","7"
"95","134","""2024-10-05""","Service Complaint","In Progress","13"
"96","946","""2024-11-24""","Technical Issue","Open","NULL"
"97","111","""2025-07-01""","Service Complaint","Resolved","7"
"98","15","""2026-05-07""","Product Quality","Open","NULL"
"99","192","""2024-12-23""","Product Quality","Resolved","41"
"100","2","""2025-03-20""","Return/Refund","Open","NULL"
"101","411","""2025-10-24""","Product Quality","Resolved","44"
"102","109","""2025-06-19""","Return/Refund","Resolved","5"
"103","1","""2026-09-02""","Delivery Delay","Resolved","13"
"104","184","""2024-12-11""","Product Quality","Resolved","10"
"105","416","""2024-09-29""","Service Complaint","Open","NULL"
"106","47","""2025-01-14""","Technical Issue","In Progress","11"
"107","547","""2026-08-21""","Service Complaint","Resolved","42"
"108","210","""2025-10-13""","Billing Issue","Open","NULL"
"109","353","""2025-09-30""","Service Complaint","Resolved","23"
"110","19","""2025-08-21""","Delivery Delay","In Progress","2"
"111","522","""2026-06-30""","Return/Refund","Resolved","12"
"112","59","""2025-12-16""","Delivery Delay","Open","NULL"
"113","42","""2026-07-11""","Product Quality","Open","NULL"
"114","446","""2024-12-19""","Delivery Delay","Open","NULL"
"115","7","""2026-08-29""","Product Quality","In Progress","6"
"116","276","""2025-06-07""","Billing Issue","Resolved","2"
"117","372","""2025-10-11""","Return/Refund","Open","NULL"
"118","425","""2024-10-17""","Product Quality","Resolved","9"
"119","189","""2026-07-26""","Service Complaint","In Progress","9"
"120","71","""2026-02-27""","Return/Refund","In Progress","2"
"121","546","""2026-04-10""","Technical Issue","Resolved","16"
"122","59","""2025-06-15""","Billing Issue","Resolved","39"
"123","142","""2026-01-19""","Technical Issue","In Progress","12"
"124","270","""2026-01-17""","Billing Issue","Resolved","8"
"125","200","""2024-11-04""","Product Quality","Open","NULL"
"126","73","""2026-05-22""","Product Quality","Resolved","32"
"127","686","""2025-04-26""","Product Quality","Open","NULL"
"128","220","""2026-08-17""","Product Quality","In Progress","8"
"129","202","""2025-03-31""","Return/Refund","Open","NULL"
"130","73","""2025-05-21""","Return/Refund","In Progress","14"
"131","451","""2025-09-04""","Billing Issue","In Progress","8"
"132","172","""2024-10-12""","Delivery Delay","Resolved","4"
"133","121","""2025-05-19""","Return/Refund","In Progress","4"
"134","704","""2026-03-02""","Delivery Delay","Open","NULL"
"135","81","""2026-04-12""","Technical Issue","Open","NULL"
"136","26","""2025-12-21""","Billing Issue","Resolved","33"
"137","824","""2026-05-11""","Service Complaint","Resolved","28"
"138","437","""2025-07-01""","Technical Issue","Open","NULL"
"139","260","""2024-12-03""","Technical Issue","Open","NULL"
"140","435","""2026-03-04""","Technical Issue","Open","NULL"
"141","139","""2025-03-26""","Billing Issue","In Progress","7"
"142","326","""2025-09-21""","Delivery Delay","In Progress","10"
"143","848","""2026-09-10""","Billing Issue","In Progress","14"
"144","112","""2025-06-30""","Delivery Delay","In Progress","4"
"145","1","""2025-08-26""","Delivery Delay","Open","NULL"
"146","630","""2025-02-11""","Return/Refund","In Progress","3"
"147","65","""2024-11-05""","Product Quality","Resolved","36"
"148","365","""2025-10-08""","Product Quality","Resolved","1"
"149","740","""2025-09-11""","Return/Refund","Resolved","6"
"150","110","""2024-12-19""","Return/Refund","Open","NULL"
"151","245","""2024-10-18""","Technical Issue","Resolved","6"
"152","50","""2026-03-07""","Return/Refund","Open","NULL"
"153","87","""2024-11-01""","Delivery Delay","Resolved","17"
"154","682","""2026-08-15""","Return/Refund","In Progress","8"
"155","100","""2026-01-05""","Technical Issue","Open","NULL"
"156","253","""2025-04-26""","Billing Issue","Open","NULL"
"157","391","""2025-02-14""","Delivery Delay","Resolved","38"
"158","12","""2025-11-08""","Delivery Delay","Open","NULL"
"159","726","""2025-12-14""","Technical Issue","Resolved","24"
"160","112","""2025-08-29""","Billing Issue","Open","NULL"
"161","284","""2024-10-03""","Billing Issue","Resolved","34"
"162","196","""2026-06-18""","Delivery Delay","Open","NULL"
"163","412","""2026-05-18""","Product Quality","Resolved","34"
"164","182","""2026-04-14""","Billing Issue","Resolved","33"
"165","734","""2026-04-25""","Delivery Delay","Resolved","38"
"166","47","""2026-06-01""","Billing Issue","Resolved","6"
"167","604","""2025-06-25""","Technical Issue","Open","NULL"
"168","82","""2025-10-03""","Return/Refund","In Progress","2"
"169","208","""2025-12-15""","Product Quality","Resolved","11"
"170","891","""2025-02-28""","Technical Issue","In Progress","10"
"171","362","""2025-04-02""","Product Quality","Resolved","13"
"172","19","""2025-08-29""","Delivery Delay","In Progress","4"
"173","311","""2025-07-19""","Return/Refund","Open","NULL"
"174","143","""2026-03-15""","Billing Issue","Resolved","38"
"175","105","""2025-10-27""","Return/Refund","Open","NULL"
"176","93","""2024-12-03""","Return/Refund","In Progress","7"
"177","4","""2025-09-24""","Technical Issue","Open","NULL"
"178","590","""2026-01-28""","Billing Issue","In Progress","13"
"179","602","""2026-09-25""","Delivery Delay","In Progress","4"
"180","205","""2025-01-11""","Billing Issue","In Progress","11"
"181","57","""2025-09-14""","Product Quality","Open","NULL"
"182","776","""2025-11-10""","Product Quality","Open","NULL"
"183","61","""2026-08-28""","Delivery Delay","Resolved","11"
"184","173","""2026-04-17""","Delivery Delay","Open","NULL"
"185","124","""2025-04-12""","Billing Issue","Resolved","20"
"186","168","""2024-11-09""","Service Complaint","Open","NULL"
"187","290","""2025-01-13""","Service Complaint","Resolved","20"
"188","94","""2025-08-23""","Delivery Delay","Open","NULL"
"189","13","""2024-10-21""","Technical Issue","Open","NULL"
"190","437","""2024-12-28""","Delivery Delay","Resolved","25"
"191","112","""2024-12-03""","Service Complaint","In Progress","2"
"192","38","""2026-03-07""","Billing Issue","Resolved","18"
"193","183","""2025-04-06""","Billing Issue","Open","NULL"
"194","474","""2025-01-21""","Technical Issue","Resolved","4"
"195","174","""2025-11-22""","Technical Issue","In Progress","5"
"196","451","""2026-04-28""","Delivery Delay","Resolved","4"
"197","40","""2025-11-02""","Technical Issue","In Progress","9"
"198","538","""2024-12-14""","Product Quality","Resolved","31"
"199","76","""2025-01-18""","Billing Issue","In Progress","13"
"200","108","""2026-01-03""","Technical Issue","Resolved","33"
"201","41","""2025-05-23""","Billing Issue","Open","NULL"
"202","64","""2025-08-18""","Service Complaint","Open","NULL"
"203","860","""2025-03-06""","Technical Issue","Resolved","17"
"204","487","""2024-11-06""","Product Quality","Resolved","41"
"205","13","""2024-12-02""","Service Complaint","Open","NULL"
"206","175","""2025-06-02""","Service Complaint","Resolved","14"
"207","542","""2025-08-14""","Return/Refund","In Progress","11"
"208","842","""2025-01-20""","Service Complaint","In Progress","3"
"209","62","""2025-10-18""","Billing Issue","Resolved","8"
"210","460","""2025-10-28""","Technical Issue","Resolved","44"
"211","270","""2024-09-26""","Return/Refund","Resolved","21"
"212","22","""2025-04-07""","Billing Issue","In Progress","2"
"213","94","""2026-04-11""","Service Complaint","Resolved","32"
"214","373","""2026-02-19""","Return/Refund","Resolved","21"
"215","358","""2026-06-04""","Billing Issue","In Progress","5"
"216","909","""2025-04-06""","Billing Issue","In Progress","12"
"217","577","""2025-09-05""","Product Quality","Resolved","7"
"218","856","""2026-02-17""","Service Complaint","Open","NULL"
"219","411","""2026-04-30""","Product Quality","In Progress","12"
"220","171","""2026-05-24""","Return/Refund","Open","NULL"
"221","359","""2025-11-11""","Product Quality","Resolved","23"
"222","710","""2026-05-17""","Technical Issue","In Progress","1"
"223","769","""2025-03-21""","Service Complaint","Resolved","34"
"224","675","""2025-06-07""","Return/Refund","Open","NULL"
"225","984","""2025-08-02""","Delivery Delay","Open","NULL"
"226","21","""2024-12-31""","Billing Issue","Open","NULL"
"227","777","""2025-03-08""","Product Quality","Open","NULL"
"228","149","""2026-03-15""","Technical Issue","Resolved","24"
"229","202","""2024-12-13""","Billing Issue","Resolved","23"
"230","199","""2025-02-28""","Delivery Delay","Resolved","16"
"231","145","""2026-05-20""","Product Quality","Resolved","4"
"232","86","""2025-01-18""","Product Quality","In Progress","2"
"233","34","""2025-11-20""","Product Quality","Resolved","29"
"234","398","""2026-03-25""","Delivery Delay","Resolved","16"
"235","57","""2026-02-15""","Product Quality","In Progress","13"
"236","467","""2026-04-11""","Technical Issue","In Progress","11"
"237","114","""2025-10-25""","Billing Issue","Resolved","26"
"238","50","""2025-09-30""","Product Quality","Open","NULL"
"239","66","""2025-12-24""","Service Complaint","In Progress","12"
"240","381","""2024-11-20""","Return/Refund","Resolved","1"
"241","25","""2026-08-13""","Return/Refund","In Progress","12"
"242","808","""2026-06-18""","Technical Issue","In Progress","6"
"243","676","""2026-02-05""","Product Quality","Open","NULL"
"244","780","""2025-12-29""","Billing Issue","Open","NULL"
"245","292","""2025-12-14""","Return/Refund","In Progress","13"
"246","445","""2025-09-06""","Service Complaint","In Progress","1"
"247","53","""2025-03-31""","Technical Issue","In Progress","7"
"248","116","""2025-09-07""","Product Quality","Open","NULL"
"249","22","""2026-03-11""","Delivery Delay","In Progress","12"
"250","80","""2024-09-29""","Billing Issue","In Progress","9"
"251","24","""2025-02-18""","Return/Refund","Resolved","10"
"252","39","""2026-07-27""","Billing Issue","Open","NULL"
"253","650","""2025-11-08""","Technical Issue","Resolved","39"
"254","11","""2025-01-12""","Technical Issue","In Progress","14"
"255","241","""2025-03-04""","Technical Issue","Open","NULL"
"256","378","""2026-09-09""","Technical Issue","Resolved","17"
"257","1","""2025-06-04""","Return/Refund","Resolved","16"
"258","30","""2026-08-07""","Technical Issue","Open","NULL"
"259","401","""2026-06-17""","Billing Issue","Resolved","26"
"260","366","""2025-08-10""","Product Quality","Resolved","39"
"261","447","""2025-09-09""","Delivery Delay","In Progress","2"
"262","84","""2025-11-27""","Product Quality","In Progress","4"
"263","125","""2025-10-02""","Return/Refund","Resolved","19"
"264","83","""2025-08-12""","Technical Issue","Resolved","23"
"265","38","""2026-01-11""","Product Quality","Open","NULL"
"266","97","""2025-06-07""","Product Quality","Open","NULL"
"267","205","""2026-07-09""","Billing Issue","Resolved","3"
"268","919","""2025-04-17""","Service Complaint","Open","NULL"
"269","431","""2026-03-10""","Technical Issue","Resolved","21"
"270","601","""2026-01-14""","Billing Issue","Resolved","39"
"271","840","""2026-01-28""","Service Complaint","Resolved","18"
"272","558","""2026-07-26""","Technical Issue","In Progress","6"
"273","570","""2025-12-07""","Technical Issue","Open","NULL"
"274","175","""2026-08-23""","Product Quality","Open","NULL"
"275","671","""2026-07-10""","Service Complaint","In Progress","6"
"276","84","""2025-05-26""","Delivery Delay","Open","NULL"
"277","100","""2025-05-16""","Return/Refund","In Progress","6"
"278","17","""2026-04-15""","Return/Refund","In Progress","6"
"279","121","""2025-06-28""","Product Quality","Resolved","11"
"280","78","""2026-07-02""","Billing Issue","Open","NULL"
"281","10","""2025-08-21""","Return/Refund","In Progress","7"
"282","305","""2025-12-18""","Billing Issue","In Progress","13"
"283","162","""2025-06-06""","Billing Issue","In Progress","11"
"284","332","""2024-09-27""","Billing Issue","In Progress","5"
"285","93","""2025-03-27""","Delivery Delay","Resolved","14"
"286","292","""2026-01-16""","Billing Issue","In Progress","3"
"287","125","""2025-04-17""","Service Complaint","In Progress","1"
"288","41","""2026-01-11""","Delivery Delay","Open","NULL"
"289","30","""2025-08-22""","Service Complaint","Open","NULL"
"290","461","""2026-09-08""","Service Complaint","Resolved","5"
"291","95","""2025-02-07""","Return/Refund","Open","NULL"
"292","44","""2025-07-31""","Service Complaint","Resolved","2"
"293","43","""2025-06-26""","Return/Refund","Open","NULL"
"294","877","""2024-10-10""","Delivery Delay","Resolved","28"
"295","593","""2026-06-19""","Billing Issue","Open","NULL"
"296","859","""2025-01-21""","Billing Issue","Open","NULL"
"297","42","""2026-05-19""","Technical Issue","Resolved","9"
"298","59","""2026-03-23""","Service Complaint","Resolved","18"
"299","177","""2025-07-30""","Technical Issue","In Progress","9"
"300","567","""2025-06-20""","Product Quality","Open","NULL"
"301","96","""2024-11-29""","Return/Refund","Open","NULL"
"302","208","""2026-04-02""","Billing Issue","Resolved","37"
"303","39","""2025-10-11""","Product Quality","In Progress","15"
"304","77","""2025-03-26""","Service Complaint","Open","NULL"
"305","779","""2024-10-12""","Return/Refund","Resolved","38"
"306","787","""2026-01-18""","Billing Issue","Resolved","1"
"307","952","""2025-08-15""","Billing Issue","Open","NULL"
"308","258","""2025-04-26""","Technical Issue","In Progress","13"
"309","396","""2026-06-13""","Return/Refund","Resolved","2"
"310","6","""2024-10-02""","Delivery Delay","Open","NULL"
"311","379","""2026-09-10""","Delivery Delay","Open","NULL"
"312","212","""2026-07-09""","Technical Issue","Open","NULL"
"313","97","""2024-10-11""","Return/Refund","Resolved","20"
"314","617","""2025-05-31""","Service Complaint","Open","NULL"
"315","620","""2026-03-22""","Delivery Delay","Open","NULL"
"316","480","""2026-05-28""","Technical Issue","Resolved","14"
"317","337","""2026-08-04""","Billing Issue","In Progress","14"
"318","477","""2026-06-27""","Service Complaint","Resolved","20"
"319","929","""2024-11-21""","Product Quality","Resolved","34"
"320","171","""2026-06-07""","Delivery Delay","In Progress","7"
"321","378","""2025-07-31""","Service Complaint","Resolved","23"
"322","152","""2025-01-11""","Product Quality","Open","NULL"
"323","46","""2025-09-17""","Product Quality","Open","NULL"
"324","134","""2026-01-16""","Delivery Delay","Open","NULL"
"325","85","""2025-12-11""","Billing Issue","Resolved","32"
"326","782","""2026-02-21""","Billing Issue","Open","NULL"
"327","46","""2026-07-03""","Service Complaint","Open","NULL"
"328","19","""2025-05-13""","Delivery Delay","In Progress","1"
"329","132","""2026-01-08""","Billing Issue","Resolved","29"
"330","56","""2026-06-04""","Billing Issue","In Progress","5"
"331","119","""2025-06-04""","Delivery Delay","In Progress","14"
"332","167","""2025-04-19""","Technical Issue","Open","NULL"
"333","302","""2026-03-08""","Product Quality","Resolved","12"
"334","57","""2026-07-04""","Delivery Delay","Open","NULL"
"335","892","""2024-09-27""","Billing Issue","Resolved","18"
"336","61","""2024-10-15""","Product Quality","Open","NULL"
"337","359","""2025-01-17""","Delivery Delay","Resolved","22"
"338","444","""2026-01-09""","Technical Issue","Resolved","22"
"339","14","""2025-12-21""","Billing Issue","Resolved","2"
"340","146","""2026-09-23""","Service Complaint","Resolved","38"
"341","484","""2026-02-10""","Technical Issue","In Progress","8"
"342","70","""2025-12-08""","Technical Issue","In Progress","7"
"343","303","""2026-05-19""","Delivery Delay","Resolved","26"
"344","99","""2025-03-18""","Delivery Delay","Resolved","20"
"345","57","""2025-01-04""","Product Quality","In Progress","3"
"346","192","""2026-06-09""","Product Quality","Resolved","37"
"347","145","""2025-10-23""","Return/Refund","Resolved","5"
"348","79","""2026-05-30""","Billing Issue","Open","NULL"
"349","223","""2026-01-31""","Billing Issue","Open","NULL"
"350","490","""2026-08-07""","Return/Refund","Open","NULL"
"351","181","""2025-10-19""","Product Quality","In Progress","8"
"352","165","""2025-06-13""","Technical Issue","Resolved","18"
"353","787","""2025-07-15""","Delivery Delay","Resolved","10"
"354","103","""2026-08-30""","Billing Issue","In Progress","9"
"355","298","""2026-07-11""","Service Complaint","Resolved","8"
"356","914","""2025-02-24""","Billing Issue","Open","NULL"
"357","560","""2025-11-07""","Service Complaint","Resolved","11"
"358","197","""2025-06-25""","Delivery Delay","In Progress","9"
"359","178","""2024-12-19""","Technical Issue","In Progress","7"
"360","285","""2026-01-18""","Delivery Delay","In Progress","15"
"361","92","""2026-04-08""","Product Quality","Resolved","24"
"362","358","""2026-08-02""","Return/Refund","Resolved","27"
"363","96","""2026-04-07""","Technical Issue","Resolved","9"
"364","40","""2025-08-15""","Service Complaint","Resolved","19"
"365","345","""2026-06-19""","Delivery Delay","In Progress","9"
"366","192","""2026-02-07""","Product Quality","Open","NULL"
"367","35","""2024-10-31""","Technical Issue","Open","NULL"
"368","579","""2025-06-17""","Delivery Delay","Resolved","15"
"369","182","""2025-07-21""","Delivery Delay","Open","NULL"
"370","17","""2024-12-12""","Product Quality","Open","NULL"
"371","23","""2025-08-22""","Return/Refund","Open","NULL"
"372","298","""2025-12-06""","Return/Refund","Resolved","20"
"373","86","""2026-08-25""","Billing Issue","In Progress","5"
"374","45","""2025-06-12""","Service Complaint","Resolved","29"
"375","188","""2025-06-20""","Service Complaint","Resolved","1"
"376","920","""2026-02-06""","Return/Refund","Resolved","11"
"377","48","""2025-04-07""","Technical Issue","Open","NULL"
"378","41","""2025-08-27""","Product Quality","Open","NULL"
"379","13","""2025-04-27""","Service Complaint","In Progress","1"
"380","22","""2025-10-25""","Service Complaint","In Progress","3"
"381","133","""2025-03-12""","Delivery Delay","Open","NULL"
"382","690","""2025-02-21""","Delivery Delay","Open","NULL"
"383","87","""2026-03-18""","Billing Issue","In Progress","2"
"384","853","""2026-03-27""","Service Complaint","Resolved","10"
"385","10","""2026-01-17""","Return/Refund","Resolved","20"
"386","136","""2025-07-15""","Billing Issue","Resolved","37"
"387","667","""2026-06-17""","Delivery Delay","In Progress","6"
"388","955","""2024-12-14""","Product Quality","Open","NULL"
"389","102","""2025-03-03""","Service Complaint","Resolved","2"
"390","791","""2026-01-21""","Product Quality","Open","NULL"
"391","102","""2024-12-02""","Service Complaint","In Progress","15"
"392","64","""2026-06-19""","Delivery Delay","Resolved","42"
"393","106","""2026-09-06""","Technical Issue","Resolved","44"
"394","54","""2025-07-21""","Technical Issue","In Progress","3"
"395","725","""2025-08-09""","Return/Refund","In Progress","5"
"396","442","""2026-05-12""","Return/Refund","In Progress","12"
"397","15","""2025-09-01""","Delivery Delay","Open","NULL"
"398","159","""2025-10-15""","Return/Refund","Open","NULL"
"399","695","""2026-04-06""","Delivery Delay","In Progress","11"
"400","169","""2025-12-26""","Delivery Delay","Resolved","1"
"401","255","""2025-01-15""","Return/Refund","In Progress","2"
"402","487","""2025-09-21""","Return/Refund","In Progress","3"
"403","425","""2025-11-09""","Service Complaint","Open","NULL"
"404","172","""2026-04-23""","Technical Issue","Open","NULL"
"405","113","""2026-04-07""","Technical Issue","Open","NULL"
"406","703","""2026-06-11""","Product Quality","Resolved","22"
"407","446","""2026-03-02""","Delivery Delay","In Progress","4"
"408","324","""2026-01-29""","Technical Issue","Open","NULL"
"409","466","""2026-08-26""","Delivery Delay","Resolved","21"
"410","5","""2026-05-01""","Technical Issue","In Progress","11"
"411","799","""2025-03-27""","Product Quality","Resolved","15"
"412","490","""2025-06-19""","Delivery Delay","In Progress","10"
"413","418","""2025-05-06""","Service Complaint","Resolved","11"
"414","58","""2026-06-08""","Delivery Delay","Resolved","11"
"415","45","""2025-10-03""","Service Complaint","Open","NULL"
"416","625","""2026-05-24""","Product Quality","Resolved","25"
"417","112","""2025-01-29""","Delivery Delay","Open","NULL"
"418","597","""2026-02-15""","Product Quality","In Progress","5"
"419","598","""2026-03-04""","Product Quality","Resolved","31"
"420","482","""2026-05-28""","Billing Issue","Resolved","33"
"421","730","""2026-09-09""","Billing Issue","Resolved","45"
"422","21","""2024-11-09""","Technical Issue","In Progress","1"
"423","87","""2026-01-09""","Technical Issue","Open","NULL"
"424","75","""2026-06-26""","Service Complaint","Open","NULL"
"425","200","""2025-03-27""","Product Quality","Resolved","11"
"426","29","""2026-07-06""","Delivery Delay","In Progress","10"
"427","990","""2025-03-04""","Service Complaint","Resolved","28"
"428","353","""2026-05-29""","Service Complaint","Open","NULL"
"429","329","""2026-04-16""","Return/Refund","Open","NULL"
"430","731","""2026-06-04""","Return/Refund","Open","NULL"
"431","319","""2026-04-18""","Technical Issue","Resolved","44"
"432","89","""2024-10-21""","Product Quality","Resolved","21"
"433","721","""2026-02-19""","Return/Refund","Resolved","41"
"434","125","""2026-03-27""","Delivery Delay","Resolved","36"
"435","564","""2026-03-18""","Product Quality","Resolved","28"
"436","999","""2025-10-15""","Return/Refund","Resolved","44"
"437","78","""2026-03-18""","Delivery Delay","In Progress","4"
"438","171","""2025-08-28""","Product Quality","Resolved","23"
"439","356","""2025-12-13""","Product Quality","Resolved","37"
"440","422","""2026-05-05""","Delivery Delay","In Progress","4"
"441","651","""2026-09-13""","Delivery Delay","Resolved","26"
"442","765","""2026-04-17""","Billing Issue","Resolved","5"
"443","19","""2025-08-11""","Product Quality","Resolved","42"
"444","96","""2025-10-14""","Technical Issue","Open","NULL"
"445","520","""2025-04-26""","Service Complaint","In Progress","1"
"446","236","""2025-02-07""","Technical Issue","Resolved","38"
"447","76","""2025-11-29""","Product Quality","Open","NULL"
"448","25","""2026-05-30""","Return/Refund","Resolved","39"
"449","140","""2025-11-23""","Product Quality","In Progress","7"
"450","132","""2025-12-15""","Service Complaint","In Progress","6"
"451","116","""2024-11-04""","Product Quality","In Progress","11"
"452","2","""2026-07-21""","Product Quality","Open","NULL"
"453","42","""2026-09-10""","Service Complaint","Open","NULL"
"454","148","""2025-05-14""","Delivery Delay","Open","NULL"
"455","630","""2025-06-10""","Service Complaint","Open","NULL"
"456","15","""2025-09-19""","Return/Refund","Open","NULL"
"457","57","""2024-10-09""","Return/Refund","Open","NULL"
"458","732","""2025-07-17""","Delivery Delay","Resolved","38"
"459","61","""2026-04-23""","Return/Refund","Resolved","13"
"460","99","""2025-11-18""","Return/Refund","Resolved","36"
"461","426","""2025-06-17""","Return/Refund","Resolved","6"
"462","892","""2025-11-21""","Product Quality","In Progress","1"
"463","229","""2025-11-24""","Delivery Delay","Resolved","21"
"464","65","""2025-02-25""","Technical Issue","Open","NULL"
"465","643","""2025-11-10""","Billing Issue","Resolved","24"
"466","68","""2025-09-07""","Service Complaint","Open","NULL"
"467","73","""2025-05-07""","Billing Issue","Resolved","29"
"468","285","""2026-08-25""","Return/Refund","In Progress","1"
"469","165","""2026-07-15""","Product Quality","Resolved","45"
"470","52","""2025-05-05""","Service Complaint","In Progress","3"
"471","824","""2026-05-11""","Product Quality","Open","NULL"
"472","648","""2026-07-08""","Service Complaint","Resolved","3"
"473","41","""2024-09-27""","Service Complaint","In Progress","12"
"474","428","""2024-11-25""","Billing Issue","In Progress","4"
"475","219","""2025-08-23""","Product Quality","Resolved","23"
"476","906","""2026-03-24""","Return/Refund","Open","NULL"
"477","36","""2025-08-05""","Service Complaint","In Progress","14"
"478","435","""2025-12-29""","Delivery Delay","Open","NULL"
"479","100","""2026-04-07""","Billing Issue","Resolved","28"
"480","129","""2025-03-18""","Billing Issue","Resolved","20"
"481","87","""2026-07-16""","Service Complaint","Resolved","6"
"482","19","""2025-01-31""","Service Complaint","Open","NULL"
"483","446","""2026-06-18""","Billing Issue","Resolved","4"
"484","31","""2025-12-20""","Technical Issue","Resolved","29"
"485","27","""2026-01-21""","Technical Issue","Resolved","40"
"486","270","""2025-06-14""","Technical Issue","In Progress","4"
"487","37","""2025-09-22""","Billing Issue","In Progress","6"
"488","102","""2025-05-03""","Return/Refund","Resolved","41"
"489","432","""2025-07-21""","Service Complaint","Open","NULL"
"490","462","""2026-09-22""","Billing Issue","Resolved","41"
"491","371","""2025-10-28""","Return/Refund","Resolved","22"
"492","837","""2025-08-22""","Product Quality","Open","NULL"
"493","79","""2025-12-03""","Technical Issue","In Progress","5"
"494","136","""2026-04-24""","Billing Issue","In Progress","9"
"495","29","""2024-11-20""","Product Quality","Resolved","32"
"496","604","""2024-11-11""","Billing Issue","In Progress","13"
"497","612","""2025-12-18""","Delivery Delay","Open","NULL"
"498","779","""2026-02-22""","Technical Issue","In Progress","7"
"499","891","""2024-09-26""","Service Complaint","Resolved","22"
"500","924","""2026-09-18""","Product Quality","Resolved","19"
"501","187","""2024-11-14""","Return/Refund","In Progress","8"
"502","265","""2024-10-07""","Return/Refund","Resolved","8"
"503","351","""2025-01-31""","Billing Issue","Open","NULL"
"504","47","""2025-01-06""","Return/Refund","Resolved","3"
"505","407","""2025-02-16""","Delivery Delay","Resolved","7"
"506","156","""2025-05-11""","Service Complaint","Open","NULL"
"507","337","""2026-07-29""","Delivery Delay","In Progress","7"
"508","478","""2026-08-30""","Billing Issue","Resolved","12"
"509","521","""2025-10-02""","Delivery Delay","Resolved","44"
"510","59","""2025-07-15""","Technical Issue","Open","NULL"
"511","88","""2026-07-16""","Delivery Delay","In Progress","13"
"512","23","""2025-03-12""","Delivery Delay","Open","NULL"
"513","488","""2025-02-07""","Product Quality","Open","NULL"
"514","100","""2026-01-15""","Product Quality","In Progress","13"
"515","2","""2026-02-15""","Technical Issue","Resolved","19"
"516","714","""2025-07-16""","Product Quality","Open","NULL"
"517","533","""2026-05-18""","Delivery Delay","Resolved","29"
"518","77","""2026-02-25""","Delivery Delay","Resolved","20"
"519","214","""2026-05-18""","Service Complaint","Open","NULL"
"520","166","""2025-10-23""","Product Quality","Resolved","15"
"521","97","""2025-11-05""","Billing Issue","In Progress","11"
"522","291","""2025-10-24""","Return/Refund","In Progress","1"
"523","622","""2024-11-05""","Delivery Delay","Open","NULL"
"524","134","""2025-11-29""","Technical Issue","Resolved","44"
"525","324","""2026-08-02""","Delivery Delay","Resolved","19"
"526","19","""2025-09-25""","Product Quality","Open","NULL"
"527","506","""2026-06-18""","Product Quality","Resolved","27"
"528","998","""2024-11-17""","Delivery Delay","Open","NULL"
"529","479","""2025-11-01""","Return/Refund","Open","NULL"
"530","15","""2025-10-24""","Service Complaint","In Progress","9"
"531","247","""2024-12-06""","Product Quality","Resolved","43"
"532","297","""2025-07-15""","Technical Issue","Resolved","23"
"533","641","""2025-09-03""","Return/Refund","Resolved","8"
"534","171","""2025-01-18""","Product Quality","Open","NULL"
"535","25","""2024-11-07""","Product Quality","In Progress","10"
"536","152","""2025-05-18""","Billing Issue","Resolved","44"
"537","999","""2026-08-20""","Delivery Delay","Open","NULL"
"538","957","""2024-12-27""","Billing Issue","Resolved","1"
"539","231","""2026-05-17""","Delivery Delay","Resolved","4"
"540","803","""2026-06-01""","Return/Refund","Open","NULL"
"541","924","""2025-03-18""","Technical Issue","In Progress","3"
"542","690","""2025-07-24""","Return/Refund","Resolved","40"
"543","404","""2025-08-14""","Technical Issue","Open","NULL"
"544","18","""2026-02-26""","Billing Issue","Open","NULL"
"545","57","""2025-01-22""","Technical Issue","Resolved","29"
"546","102","""2026-02-13""","Product Quality","Resolved","17"
"547","110","""2025-01-03""","Technical Issue","Resolved","26"
"548","193","""2025-12-14""","Technical Issue","Resolved","6"
"549","38","""2026-02-16""","Billing Issue","Open","NULL"
"550","72","""2025-01-14""","Return/Refund","Open","NULL"
"551","127","""2025-11-11""","Service Complaint","In Progress","4"
"552","80","""2025-01-14""","Service Complaint","Open","NULL"
"553","574","""2025-01-11""","Delivery Delay","In Progress","1"
"554","382","""2025-09-03""","Service Complaint","Resolved","15"
"555","420","""2024-10-14""","Billing Issue","Resolved","19"
"556","452","""2026-09-02""","Delivery Delay","Open","NULL"
"557","82","""2026-02-14""","Technical Issue","Open","NULL"
"558","2","""2024-12-05""","Billing Issue","Open","NULL"
"559","279","""2025-06-27""","Product Quality","Open","NULL"
"560","51","""2025-11-21""","Technical Issue","Resolved","1"
"561","62","""2025-11-14""","Service Complaint","Resolved","27"
"562","450","""2024-12-06""","Product Quality","Resolved","14"
"563","80","""2026-06-29""","Billing Issue","Resolved","42"
"564","783","""2025-02-03""","Return/Refund","Resolved","18"
"565","75","""2025-06-29""","Product Quality","Open","NULL"
"566","455","""2025-10-04""","Delivery Delay","In Progress","9"
"567","123","""2026-03-03""","Billing Issue","Resolved","4"
"568","15","""2025-07-21""","Technical Issue","Open","NULL"
"569","925","""2026-03-02""","Delivery Delay","Resolved","6"
"570","379","""2025-12-09""","Billing Issue","Open","NULL"
"571","83","""2025-11-02""","Billing Issue","Resolved","18"
"572","254","""2026-03-30""","Billing Issue","In Progress","10"
"573","669","""2025-12-03""","Technical Issue","In Progress","4"
"574","126","""2026-07-23""","Product Quality","Resolved","33"
"575","572","""2025-12-11""","Return/Refund","In Progress","11"
"576","90","""2026-05-26""","Product Quality","Open","NULL"
"577","131","""2024-11-04""","Service Complaint","Open","NULL"
"578","231","""2025-08-22""","Delivery Delay","Resolved","5"
"579","107","""2025-10-14""","Technical Issue","In Progress","10"
"580","112","""2025-07-24""","Technical Issue","Resolved","44"
"581","50","""2025-09-10""","Delivery Delay","In Progress","12"
"582","58","""2026-03-26""","Product Quality","Resolved","24"
"583","66","""2025-03-22""","Technical Issue","Open","NULL"
"584","55","""2026-03-08""","Delivery Delay","In Progress","2"
"585","187","""2025-08-15""","Delivery Delay","In Progress","8"
"586","6","""2025-08-01""","Service Complaint","Open","NULL"
"587","728","""2025-01-13""","Product Quality","Open","NULL"
"588","9","""2026-06-27""","Delivery Delay","Resolved","36"
"589","113","""2026-02-06""","Billing Issue","Open","NULL"
"590","156","""2025-02-12""","Billing Issue","Resolved","20"
"591","40","""2025-11-22""","Return/Refund","Open","NULL"
"592","222","""2026-08-10""","Technical Issue","Resolved","28"
"593","361","""2025-06-25""","Technical Issue","Resolved","27"
"594","552","""2026-06-16""","Technical Issue","In Progress","12"
"595","365","""2026-02-14""","Billing Issue","Resolved","42"
"596","645","""2026-03-26""","Service Complaint","In Progress","2"
"597","76","""2026-03-13""","Return/Refund","Resolved","27"
"598","409","""2025-05-23""","Return/Refund","Resolved","23"
"599","912","""2025-08-21""","Delivery Delay","Resolved","40"
"600","841","""2026-02-08""","Delivery Delay","In Progress","4"
"601","943","""2026-03-27""","Technical Issue","In Progress","2"
"602","91","""2026-07-11""","Technical Issue","Open","NULL"
"603","381","""2026-01-16""","Billing Issue","Resolved","16"
"604","107","""2026-01-16""","Technical Issue","Resolved","7"
"605","17","""2026-04-28""","Billing Issue","Open","NULL"
"606","148","""2026-03-21""","Product Quality","In Progress","5"
"607","755","""2025-08-12""","Technical Issue","Resolved","15"
"608","174","""2025-12-07""","Return/Refund","In Progress","8"
"609","302","""2025-02-06""","Service Complaint","Open","NULL"
"610","29","""2026-07-08""","Delivery Delay","Open","NULL"
"611","433","""2026-05-13""","Delivery Delay","Open","NULL"
"612","333","""2024-11-04""","Service Complaint","Resolved","11"
"613","533","""2026-03-31""","Product Quality","In Progress","14"
"614","217","""2026-01-01""","Return/Refund","Resolved","33"
"615","58","""2024-09-25""","Service Complaint","Open","NULL"
"616","672","""2026-01-19""","Product Quality","In Progress","6"
"617","198","""2024-09-25""","Billing Issue","In Progress","15"
"618","45","""2024-11-10""","Billing Issue","Open","NULL"
"619","652","""2026-04-27""","Delivery Delay","Resolved","24"
"620","45","""2025-12-21""","Product Quality","In Progress","8"
"621","340","""2026-08-23""","Service Complaint","In Progress","12"
"622","733","""2025-10-16""","Service Complaint","Resolved","39"
"623","188","""2025-01-19""","Technical Issue","Resolved","10"
"624","76","""2025-07-07""","Product Quality","Open","NULL"
"625","656","""2025-02-22""","Billing Issue","Resolved","26"
"626","499","""2025-12-26""","Technical Issue","Open","NULL"
"627","276","""2026-08-10""","Product Quality","Resolved","12"
"628","70","""2025-08-01""","Delivery Delay","Open","NULL"
"629","132","""2026-02-24""","Product Quality","Resolved","15"
"630","129","""2025-05-30""","Service Complaint","Resolved","26"
"631","337","""2026-08-04""","Product Quality","Resolved","17"
"632","2","""2026-02-15""","Technical Issue","Open","NULL"
"633","780","""2026-08-21""","Billing Issue","Resolved","1"
"634","27","""2026-03-21""","Delivery Delay","In Progress","15"
"635","101","""2026-05-13""","Return/Refund","Open","NULL"
"636","62","""2024-12-09""","Return/Refund","Open","NULL"
"637","927","""2025-09-21""","Service Complaint","Resolved","31"
"638","311","""2026-09-06""","Return/Refund","Resolved","40"
"639","126","""2026-02-21""","Billing Issue","Resolved","28"
"640","144","""2024-10-29""","Delivery Delay","In Progress","7"
"641","948","""2025-09-26""","Product Quality","Resolved","19"
"642","59","""2026-03-30""","Delivery Delay","Open","NULL"
"643","256","""2025-02-08""","Billing Issue","In Progress","12"
"644","31","""2025-09-27""","Service Complaint","Open","NULL"
"645","86","""2026-03-22""","Product Quality","Resolved","10"
"646","712","""2024-10-02""","Product Quality","In Progress","5"
"647","145","""2025-01-03""","Service Complaint","Resolved","22"
"648","96","""2026-08-18""","Delivery Delay","Resolved","27"
"649","65","""2025-09-08""","Return/Refund","Open","NULL"
"650","996","""2025-11-04""","Product Quality","Open","NULL"
"651","124","""2025-11-27""","Service Complaint","Open","NULL"
"652","966","""2025-01-26""","Product Quality","Open","NULL"
"653","97","""2026-05-23""","Service Complaint","Open","NULL"
"654","46","""2026-06-22""","Delivery Delay","Open","NULL"
"655","144","""2026-09-16""","Delivery Delay","In Progress","5"
"656","170","""2025-09-30""","Return/Refund","Resolved","35"
"657","191","""2026-08-29""","Return/Refund","Open","NULL"
"658","19","""2024-11-03""","Service Complaint","In Progress","13"
"659","99","""2026-03-29""","Technical Issue","Resolved","23"
"660","94","""2025-02-12""","Delivery Delay","Open","NULL"
"661","753","""2026-06-23""","Billing Issue","In Progress","13"
"662","924","""2025-12-27""","Product Quality","Open","NULL"
"663","58","""2025-04-19""","Product Quality","Open","NULL"
"664","946","""2026-09-14""","Delivery Delay","Resolved","16"
"665","260","""2026-09-05""","Billing Issue","Resolved","8"
"666","104","""2025-11-30""","Service Complaint","In Progress","2"
"667","646","""2026-05-27""","Delivery Delay","Open","NULL"
"668","51","""2024-11-18""","Product Quality","Resolved","35"
"669","569","""2026-06-07""","Product Quality","Resolved","18"
"670","4","""2025-11-30""","Service Complaint","Open","NULL"
"671","4","""2026-03-29""","Service Complaint","In Progress","3"
"672","205","""2026-07-05""","Product Quality","Resolved","16"
"673","67","""2025-02-10""","Return/Refund","Open","NULL"
"674","103","""2026-05-07""","Product Quality","In Progress","4"
"675","134","""2025-12-15""","Billing Issue","Resolved","15"
"676","6","""2025-05-17""","Return/Refund","Open","NULL"
"677","201","""2026-03-13""","Return/Refund","Resolved","31"
"678","696","""2026-03-26""","Return/Refund","Open","NULL"
"679","87","""2024-11-17""","Product Quality","Open","NULL"
"680","14","""2026-04-05""","Service Complaint","Resolved","16"
"681","832","""2026-04-25""","Service Complaint","Resolved","18"
"682","107","""2024-12-24""","Delivery Delay","In Progress","2"
"683","360","""2026-03-05""","Delivery Delay","Open","NULL"
"684","497","""2025-07-08""","Product Quality","Resolved","27"
"685","126","""2024-10-26""","Billing Issue","Resolved","25"
"686","10","""2025-07-09""","Service Complaint","Open","NULL"
"687","150","""2025-08-15""","Technical Issue","Open","NULL"
"688","514","""2026-02-14""","Billing Issue","In Progress","14"
"689","39","""2024-11-30""","Technical Issue","Resolved","17"
"690","92","""2025-07-18""","Product Quality","Open","NULL"
"691","84","""2025-08-03""","Service Complaint","Open","NULL"
"692","92","""2026-05-28""","Return/Refund","Open","NULL"
"693","183","""2026-09-20""","Technical Issue","Resolved","7"
"694","108","""2025-05-08""","Delivery Delay","Resolved","43"
"695","397","""2025-06-07""","Service Complaint","Resolved","10"
"696","293","""2025-08-27""","Billing Issue","Open","NULL"
"697","106","""2026-08-06""","Product Quality","Resolved","7"
"698","175","""2024-11-01""","Return/Refund","Resolved","24"
"699","186","""2025-04-13""","Return/Refund","Resolved","15"
"700","135","""2025-05-16""","Technical Issue","Resolved","29"
"701","153","""2025-12-02""","Delivery Delay","Resolved","21"
"702","392","""2026-02-23""","Delivery Delay","Open","NULL"
"703","158","""2024-10-21""","Billing Issue","Resolved","39"
"704","34","""2026-09-19""","Billing Issue","Open","NULL"
"705","92","""2024-09-27""","Technical Issue","In Progress","12"
"706","863","""2025-01-05""","Return/Refund","In Progress","9"
"707","671","""2025-01-19""","Technical Issue","Resolved","11"
"708","81","""2026-01-19""","Return/Refund","Open","NULL"
"709","433","""2026-03-17""","Delivery Delay","Resolved","31"
"710","957","""2026-06-15""","Product Quality","Open","NULL"
"711","413","""2025-10-30""","Product Quality","Resolved","21"
"712","388","""2025-09-19""","Service Complaint","In Progress","1"
"713","19","""2026-04-20""","Service Complaint","Open","NULL"
"714","236","""2025-02-26""","Service Complaint","Resolved","34"
"715","78","""2026-05-10""","Service Complaint","Open","NULL"
"716","548","""2024-11-19""","Billing Issue","Resolved","31"
"717","26","""2026-07-19""","Billing Issue","Resolved","18"
"718","65","""2025-08-21""","Service Complaint","Open","NULL"
"719","384","""2024-10-05""","Technical Issue","Open","NULL"
"720","31","""2025-08-27""","Delivery Delay","Resolved","9"
"721","63","""2026-01-26""","Service Complaint","In Progress","6"
"722","71","""2025-01-24""","Return/Refund","Resolved","22"
"723","200","""2025-01-03""","Product Quality","In Progress","5"
"724","32","""2025-11-29""","Billing Issue","Resolved","3"
"725","345","""2024-12-30""","Service Complaint","In Progress","4"
"726","953","""2024-12-10""","Service Complaint","In Progress","7"
"727","170","""2026-03-24""","Product Quality","Resolved","24"
"728","470","""2025-05-23""","Billing Issue","In Progress","15"
"729","56","""2025-02-05""","Delivery Delay","In Progress","6"
"730","760","""2025-12-01""","Billing Issue","Open","NULL"
"731","187","""2024-12-15""","Return/Refund","Open","NULL"
"732","120","""2025-01-05""","Product Quality","Resolved","11"
"733","440","""2025-09-26""","Return/Refund","Resolved","25"
"734","624","""2025-12-07""","Product Quality","In Progress","2"
"735","116","""2025-08-20""","Return/Refund","Open","NULL"
"736","669","""2025-12-13""","Product Quality","In Progress","15"
"737","353","""2026-02-05""","Technical Issue","Resolved","45"
"738","43","""2026-04-29""","Billing Issue","Resolved","41"
"739","257","""2025-05-13""","Return/Refund","Resolved","25"
"740","28","""2026-09-09""","Return/Refund","Open","NULL"
"741","74","""2025-03-18""","Technical Issue","Open","NULL"
"742","139","""2026-08-05""","Delivery Delay","Open","NULL"
"743","198","""2025-10-16""","Delivery Delay","In Progress","7"
"744","166","""2026-09-21""","Service Complaint","Open","NULL"
"745","589","""2025-03-26""","Delivery Delay","In Progress","14"
"746","4","""2025-07-12""","Service Complaint","Open","NULL"
"747","597","""2026-09-07""","Technical Issue","In Progress","2"
"748","392","""2026-08-20""","Technical Issue","Open","NULL"
"749","596","""2025-02-03""","Billing Issue","Open","NULL"
"750","101","""2026-02-20""","Product Quality","In Progress","2"
"751","161","""2025-10-19""","Delivery Delay","Open","NULL"
"752","496","""2024-12-21""","Service Complaint","Resolved","17"
"753","18","""2025-12-10""","Product Quality","Open","NULL"
"754","60","""2025-01-19""","Service Complaint","Open","NULL"
"755","189","""2025-07-06""","Delivery Delay","In Progress","9"
"756","741","""2024-10-02""","Return/Refund","Resolved","37"
"757","335","""2025-03-19""","Return/Refund","Resolved","18"
"758","21","""2026-08-07""","Billing Issue","Resolved","14"
"759","129","""2024-11-07""","Billing Issue","Resolved","11"
"760","477","""2025-08-19""","Product Quality","Resolved","12"
"761","309","""2025-03-20""","Delivery Delay","Resolved","25"
"762","41","""2025-05-06""","Return/Refund","Open","NULL"
"763","373","""2026-09-04""","Service Complaint","Open","NULL"
"764","783","""2026-08-07""","Technical Issue","Resolved","32"
"765","96","""2026-04-23""","Billing Issue","Open","NULL"
"766","108","""2026-01-27""","Delivery Delay","Resolved","13"
"767","59","""2026-08-24""","Return/Refund","Open","NULL"
"768","547","""2026-07-11""","Return/Refund","Open","NULL"
"769","62","""2024-12-02""","Return/Refund","Open","NULL"
"770","68","""2026-03-21""","Service Complaint","In Progress","2"
"771","76","""2025-05-31""","Service Complaint","Open","NULL"
"772","66","""2026-09-10""","Service Complaint","Open","NULL"
"773","869","""2026-04-07""","Return/Refund","Resolved","31"
"774","92","""2025-01-24""","Delivery Delay","In Progress","6"
"775","492","""2026-03-16""","Product Quality","In Progress","1"
"776","810","""2025-07-30""","Return/Refund","Resolved","29"
"777","177","""2025-06-25""","Product Quality","Resolved","35"
"778","49","""2025-12-21""","Technical Issue","Resolved","5"
"779","359","""2025-02-01""","Product Quality","Open","NULL"
"780","812","""2024-10-24""","Product Quality","Resolved","25"
"781","113","""2026-03-06""","Service Complaint","Open","NULL"
"782","483","""2024-10-20""","Delivery Delay","Resolved","32"
"783","78","""2025-05-17""","Product Quality","Resolved","24"
"784","499","""2025-04-13""","Delivery Delay","Resolved","17"
"785","41","""2024-10-10""","Billing Issue","Resolved","15"
"786","10","""2025-09-25""","Return/Refund","Resolved","3"
"787","282","""2025-11-27""","Delivery Delay","Open","NULL"
"788","93","""2025-07-11""","Service Complaint","Open","NULL"
"789","916","""2025-02-14""","Service Complaint","In Progress","9"
"790","116","""2025-12-10""","Delivery Delay","Resolved","22"
"791","191","""2026-03-11""","Product Quality","Resolved","41"
"792","86","""2026-06-30""","Return/Refund","Resolved","9"
"793","38","""2026-08-16""","Product Quality","In Progress","11"
"794","80","""2025-08-01""","Service Complaint","Open","NULL"
"795","342","""2025-01-06""","Technical Issue","Resolved","45"
"796","159","""2025-12-18""","Return/Refund","Open","NULL"
"797","9","""2026-07-22""","Billing Issue","In Progress","8"
"798","137","""2026-03-08""","Product Quality","In Progress","8"
"799","623","""2025-03-01""","Billing Issue","In Progress","6"
"800","174","""2025-07-15""","Service Complaint","Resolved","32"
"801","202","""2025-07-20""","Technical Issue","Resolved","21"
"802","226","""2025-07-07""","Service Complaint","Resolved","9"
"803","155","""2025-08-18""","Technical Issue","Open","NULL"
"804","276","""2026-06-27""","Return/Refund","Resolved","12"
"805","119","""2025-04-20""","Service Complaint","In Progress","3"
"806","338","""2025-09-29""","Product Quality","In Progress","15"
"807","970","""2025-06-25""","Product Quality","Resolved","30"
"808","19","""2025-09-13""","Return/Refund","Open","NULL"
"809","33","""2026-06-03""","Return/Refund","In Progress","5"
"810","438","""2025-11-17""","Delivery Delay","Open","NULL"
"811","154","""2025-05-03""","Technical Issue","Open","NULL"
"812","301","""2025-09-30""","Return/Refund","In Progress","6"
"813","945","""2025-11-16""","Delivery Delay","Open","NULL"
"814","335","""2026-08-24""","Technical Issue","In Progress","2"
"815","84","""2025-09-30""","Technical Issue","In Progress","3"
"816","990","""2025-04-03""","Billing Issue","Open","NULL"
"817","154","""2025-04-29""","Billing Issue","In Progress","5"
"818","76","""2024-11-21""","Delivery Delay","Open","NULL"
"819","6","""2026-03-20""","Return/Refund","Open","NULL"
"820","120","""2025-07-28""","Billing Issue","Resolved","30"
"821","91","""2024-12-15""","Delivery Delay","Open","NULL"
"822","773","""2026-08-30""","Technical Issue","Resolved","40"
"823","239","""2026-01-29""","Billing Issue","Resolved","17"
"824","139","""2025-07-29""","Technical Issue","Resolved","7"
"825","16","""2024-11-12""","Return/Refund","Resolved","34"
"826","29","""2026-05-08""","Technical Issue","Open","NULL"
"827","81","""2026-03-10""","Service Complaint","Open","NULL"
"828","949","""2025-03-10""","Technical Issue","Open","NULL"
"829","834","""2025-10-24""","Billing Issue","Resolved","28"
"830","49","""2026-04-01""","Return/Refund","Resolved","4"
"831","54","""2026-04-30""","Billing Issue","Resolved","21"
"832","41","""2026-04-13""","Product Quality","In Progress","14"
"833","262","""2025-06-10""","Billing Issue","Resolved","30"
"834","66","""2025-12-25""","Delivery Delay","In Progress","8"
"835","35","""2026-01-31""","Billing Issue","Open","NULL"
"836","156","""2025-06-18""","Delivery Delay","Resolved","30"
"837","997","""2025-10-02""","Service Complaint","Resolved","1"
"838","39","""2025-09-19""","Delivery Delay","Resolved","23"
"839","130","""2026-04-30""","Product Quality","Resolved","4"
"840","501","""2025-05-06""","Delivery Delay","In Progress","10"
"841","296","""2025-08-03""","Delivery Delay","In Progress","4"
"842","460","""2025-06-15""","Return/Refund","Resolved","15"
"843","86","""2026-04-15""","Billing Issue","In Progress","8"
"844","113","""2025-10-24""","Service Complaint","Resolved","38"
"845","69","""2025-10-16""","Return/Refund","Open","NULL"
"846","89","""2026-01-30""","Delivery Delay","In Progress","7"
"847","960","""2024-12-02""","Service Complaint","In Progress","10"
"848","153","""2024-11-16""","Technical Issue","Open","NULL"
"849","72","""2024-10-07""","Service Complaint","Open","NULL"
"850","137","""2026-06-16""","Product Quality","Resolved","25"
"851","101","""2026-09-22""","Service Complaint","Resolved","6"
"852","528","""2025-02-16""","Service Complaint","Open","NULL"
"853","837","""2025-04-17""","Product Quality","Open","NULL"
"854","160","""2025-02-18""","Product Quality","Resolved","24"
"855","918","""2026-03-28""","Return/Refund","Open","NULL"
"856","347","""2024-12-24""","Technical Issue","In Progress","13"
"857","189","""2025-10-09""","Return/Refund","Resolved","6"
"858","99","""2024-11-29""","Technical Issue","In Progress","4"
"859","34","""2026-05-02""","Return/Refund","Resolved","4"
"860","718","""2026-06-22""","Technical Issue","In Progress","13"
"861","774","""2025-06-23""","Billing Issue","In Progress","6"
"862","66","""2024-12-21""","Billing Issue","Resolved","19"
"863","291","""2025-10-02""","Return/Refund","Resolved","30"
"864","12","""2025-03-15""","Service Complaint","Resolved","13"
"865","263","""2025-03-11""","Return/Refund","Open","NULL"
"866","81","""2025-11-05""","Delivery Delay","In Progress","1"
"867","121","""2025-05-17""","Return/Refund","Open","NULL"
"868","163","""2024-11-30""","Delivery Delay","In Progress","10"
"869","120","""2025-05-18""","Product Quality","Open","NULL"
"870","165","""2026-08-22""","Return/Refund","Resolved","33"
"871","279","""2026-03-21""","Service Complaint","Open","NULL"
"872","160","""2025-08-18""","Technical Issue","Resolved","12"
"873","497","""2025-11-09""","Return/Refund","Open","NULL"
"874","36","""2026-04-19""","Service Complaint","Open","NULL"
"875","61","""2025-01-25""","Service Complaint","Resolved","1"
"876","129","""2026-09-25""","Billing Issue","In Progress","1"
"877","87","""2025-02-06""","Billing Issue","In Progress","13"
"878","54","""2024-11-22""","Product Quality","Open","NULL"
"879","17","""2025-10-16""","Technical Issue","Open","NULL"
"880","974","""2025-06-09""","Return/Refund","Resolved","18"
"881","137","""2026-04-06""","Return/Refund","Open","NULL"
"882","369","""2025-03-20""","Service Complaint","In Progress","8"
"883","313","""2025-08-18""","Product Quality","Resolved","3"
"884","787","""2024-11-09""","Delivery Delay","In Progress","2"
"885","98","""2025-10-14""","Technical Issue","Open","NULL"
"886","828","""2026-06-17""","Delivery Delay","Resolved","44"
"887","154","""2026-09-06""","Product Quality","Resolved","27"
"888","210","""2025-12-30""","Technical Issue","Resolved","2"
"889","114","""2024-12-22""","Delivery Delay","In Progress","6"
"890","508","""2026-05-28""","Technical Issue","In Progress","14"
"891","152","""2026-01-17""","Technical Issue","Open","NULL"
"892","555","""2024-11-03""","Product Quality","In Progress","4"
"893","12","""2025-02-24""","Billing Issue","In Progress","7"
"894","368","""2026-09-25""","Billing Issue","Resolved","33"
"895","93","""2025-01-30""","Product Quality","Open","NULL"
"896","71","""2025-03-28""","Technical Issue","In Progress","15"
"897","306","""2025-05-20""","Technical Issue","In Progress","2"
"898","882","""2026-01-07""","Technical Issue","Open","NULL"
"899","53","""2025-09-04""","Service Complaint","In Progress","1"
"900","171","""2026-02-24""","Product Quality","In Progress","9"
"901","648","""2025-05-06""","Technical Issue","Open","NULL"
"902","956","""2025-01-21""","Service Complaint","Resolved","42"
"903","86","""2026-07-26""","Return/Refund","Open","NULL"
"904","486","""2026-09-07""","Technical Issue","In Progress","3"
"905","308","""2026-06-11""","Product Quality","Resolved","20"
"906","114","""2024-12-21""","Billing Issue","Open","NULL"
"907","564","""2024-12-01""","Product Quality","Open","NULL"
"908","373","""2024-10-11""","Delivery Delay","Open","NULL"
"909","183","""2026-02-08""","Return/Refund","In Progress","13"
"910","46","""2026-01-28""","Billing Issue","In Progress","2"
"911","153","""2026-07-12""","Service Complaint","Resolved","32"
"912","44","""2026-09-01""","Product Quality","Open","NULL"
"913","547","""2025-12-29""","Technical Issue","Resolved","25"
"914","452","""2026-04-03""","Delivery Delay","Resolved","39"
"915","11","""2026-09-02""","Return/Refund","Open","NULL"
"916","185","""2025-02-25""","Product Quality","In Progress","4"
"917","10","""2025-08-26""","Delivery Delay","Open","NULL"
"918","158","""2026-06-15""","Technical Issue","In Progress","12"
"919","50","""2025-10-26""","Delivery Delay","Resolved","1"
"920","43","""2024-09-26""","Return/Refund","Open","NULL"
"921","105","""2025-06-14""","Product Quality","Resolved","12"
"922","386","""2026-01-31""","Return/Refund","In Progress","8"
"923","223","""2026-04-14""","Return/Refund","Resolved","10"
"924","847","""2025-07-03""","Billing Issue","Open","NULL"
"925","94","""2025-02-21""","Billing Issue","Resolved","37"
"926","821","""2026-04-28""","Service Complaint","Open","NULL"
"927","102","""2024-12-03""","Technical Issue","Resolved","14"
"928","72","""2025-08-23""","Billing Issue","In Progress","13"
"929","211","""2025-06-30""","Delivery Delay","Open","NULL"
"930","903","""2025-12-11""","Service Complaint","Resolved","8"
"931","511","""2026-06-10""","Technical Issue","Resolved","25"
"932","43","""2025-12-26""","Delivery Delay","Resolved","28"
"933","397","""2025-03-17""","Delivery Delay","In Progress","13"
"934","417","""2025-05-16""","Delivery Delay","Resolved","9"
"935","757","""2025-07-07""","Return/Refund","Resolved","27"
"936","405","""2025-02-11""","Return/Refund","Resolved","27"
"937","38","""2024-10-30""","Product Quality","Resolved","28"
"938","444","""2024-11-15""","Billing Issue","Open","NULL"
"939","42","""2025-04-26""","Technical Issue","Resolved","7"
"940","744","""2026-09-15""","Delivery Delay","Resolved","28"
"941","757","""2025-01-02""","Billing Issue","Open","NULL"
"942","460","""2026-03-20""","Return/Refund","Resolved","41"
"943","13","""2025-12-19""","Technical Issue","In Progress","6"
"944","535","""2024-12-06""","Billing Issue","Open","NULL"
"945","554","""2025-09-10""","Service Complaint","In Progress","15"
"946","719","""2025-02-06""","Billing Issue","Resolved","44"
"947","6","""2025-01-30""","Product Quality","Open","NULL"
"948","303","""2026-06-27""","Technical Issue","Resolved","1"
"949","442","""2026-08-04""","Product Quality","In Progress","9"
"950","75","""2025-12-27""","Product Quality","Open","NULL"
"951","933","""2025-11-20""","Product Quality","Resolved","7"
"952","102","""2026-06-10""","Technical Issue","In Progress","14"
"953","405","""2026-08-31""","Product Quality","Open","NULL"
"954","619","""2026-06-26""","Return/Refund","Open","NULL"
"955","190","""2026-04-17""","Technical Issue","Resolved","17"
"956","725","""2026-03-26""","Technical Issue","Open","NULL"
"957","319","""2025-06-10""","Product Quality","Open","NULL"
"958","68","""2025-07-08""","Product Quality","In Progress","11"
"959","59","""2025-04-12""","Technical Issue","Resolved","43"
"960","130","""2026-07-23""","Product Quality","In Progress","1"
"961","122","""2025-10-26""","Delivery Delay","Resolved","5"
"962","31","""2025-01-19""","Technical Issue","Open","NULL"
"963","673","""2025-01-29""","Delivery Delay","In Progress","2"
"964","261","""2024-12-06""","Product Quality","Resolved","31"
"965","21","""2025-02-28""","Product Quality","Open","NULL"
"966","98","""2025-03-24""","Billing Issue","Resolved","34"
"967","267","""2025-05-26""","Billing Issue","Open","NULL"
"968","136","""2025-09-23""","Product Quality","Resolved","11"
"969","971","""2025-02-20""","Product Quality","Resolved","6"
"970","102","""2025-08-05""","Technical Issue","Resolved","36"
"971","352","""2025-12-22""","Return/Refund","Open","NULL"
"972","667","""2026-06-05""","Service Complaint","In Progress","5"
"973","180","""2025-10-03""","Product Quality","Open","NULL"
"974","125","""2026-07-28""","Delivery Delay","Resolved","1"
"975","100","""2026-06-23""","Product Quality","Open","NULL"
"976","743","""2026-06-16""","Technical Issue","Open","NULL"
"977","26","""2025-10-27""","Product Quality","Open","NULL"
"978","902","""2025-10-05""","Product Quality","Open","NULL"
"979","414","""2025-11-01""","Product Quality","Open","NULL"
"980","161","""2025-09-21""","Billing Issue","Resolved","31"
"981","217","""2025-07-09""","Return/Refund","Open","NULL"
"982","72","""2025-12-08""","Service Complaint","Resolved","44"
"983","62","""2025-06-13""","Billing Issue","Resolved","22"
"984","27","""2025-10-02""","Billing Issue","Open","NULL"
"985","952","""2025-09-13""","Technical Issue","In Progress","14"
"986","369","""2026-08-16""","Technical Issue","Resolved","2"
"987","191","""2025-08-13""","Product Quality","Open","NULL"
"988","598","""2026-09-03""","Delivery Delay","Resolved","11"
"989","389","""2025-08-26""","Delivery Delay","Resolved","43"
"990","158","""2025-02-10""","Service Complaint","Open","NULL"
"991","232","""2025-05-08""","Service Complaint","Resolved","37"
"992","115","""2025-10-19""","Delivery Delay","Open","NULL"
"993","6","""2025-10-09""","Product Quality","Open","NULL"
"994","10","""2025-09-03""","Return/Refund","Resolved","45"
"995","253","""2025-11-30""","Product Quality","Resolved","44"
"996","30","""2026-03-31""","Billing Issue","In Progress","2"
"997","77","""2025-04-02""","Billing Issue","In Progress","9"
"998","306","""2024-10-01""","Technical Issue","Resolved","3"
"999","329","""2025-03-29""","Service Complaint","Resolved","20"
"1000","298","""2026-01-29""","Technical Issue","Open","NULL"
