"CUSTOMER_ID","CUSTOMER_NAME","AGE","CITY","CUSTOMER_SINCE","CUSTOMER_SEGMENT"
"1","Vivaan Das","63","Chandigarh","""2026-03-07""","Premium"
"2","Ayaan Mukherjee","40","Ahmedabad","""2025-02-03""","Premium"
"3","Krishna Mukherjee","24","Bangalore","""2026-05-29""","Premium"
"4","Neha Shah","19","Bhopal","""2025-11-14""","Premium"
"5","Shruti Gupta","24","Mumbai","""2026-05-10""","Premium"
"6","Nisha Patil","22","Nagpur","""2026-02-02""","Gold"
"7","Shruti Saxena","44","Jaipur","""2024-10-19""","Premium"
"8","Ananya Shah","64","Lucknow","""2026-03-17""","Gold"
"9","Rahul Das","49","Lucknow","""2025-02-13""","Gold"
"10","Vivaan Pillai","38","Pune","""2025-03-21""","Premium"
"11","Isha Menon","41","Bangalore","""2024-11-25""","Premium"
"12","Divya Agarwal","61","Chandigarh","""2024-10-19""","Gold"
"13","Isha Saxena","26","Lucknow","""2025-06-26""","Premium"
"14","Neha Banerjee","60","Ahmedabad","""2026-03-12""","Premium"
"15","Ayaan Kapoor","45","Surat","""2024-12-16""","Premium"
"16","Arjun Chopra","55","Thiruvananthapuram","""2025-12-12""","Premium"
"17","Riya Agarwal","37","Delhi","""2025-07-12""","Gold"
"18","Ananya Kapoor","57","Surat","""2026-05-13""","Premium"
"19","Vikram Malhotra","44","Lucknow","""2026-02-23""","Premium"
"20","Neha Kumar","48","Coimbatore","""2025-02-02""","Premium"
"21","Mohit Verma","50","Nagpur","""2026-03-12""","Premium"
"22","Riya Banerjee","58","Ahmedabad","""2025-04-17""","Premium"
"23","Nisha Chopra","60","Hyderabad","""2024-11-25""","Gold"
"24","Pooja Bose","38","Hyderabad","""2026-04-12""","Gold"
"25","Sneha Mehta","55","Surat","""2025-03-26""","Premium"
"26","Vivaan Kumar","54","Chennai","""2025-04-23""","Gold"
"27","Tanvi Patel","50","Vizag","""2026-01-24""","Premium"
"28","Pooja Chopra","51","Surat","""2024-11-23""","Premium"
"29","Riya Rao","34","Ahmedabad","""2025-01-19""","Premium"
"30","Rajesh Banerjee","54","Ahmedabad","""2024-10-10""","Gold"
"31","Vivaan Das","18","Lucknow","""2026-03-27""","Gold"
"32","Kavya Verma","21","Jaipur","""2025-01-17""","Premium"
"33","Rohan Menon","28","Chennai","""2025-01-16""","Gold"
"34","Amit Patil","41","Chennai","""2025-06-30""","Premium"
"35","Aarav Bose","47","Pune","""2026-02-28""","Premium"
"36","Nikhil Menon","22","Kolkata","""2026-06-02""","Premium"
"37","Deepak Joshi","18","Chennai","""2026-01-16""","Premium"
"38","Nisha Gupta","39","Chandigarh","""2026-03-11""","Premium"
"39","Suresh Patil","39","Delhi","""2024-10-28""","Gold"
"40","Aanya Sinha","62","Vizag","""2024-11-11""","Premium"
"41","Krishna Pillai","39","Lucknow","""2025-09-16""","Premium"
"42","Rajesh Rao","61","Bhopal","""2026-02-06""","Premium"
"43","Swati Mehta","32","Vizag","""2025-08-12""","Premium"
"44","Vivaan Das","32","Chennai","""2026-03-17""","Premium"
"45","Sneha Kumar","31","Hyderabad","""2025-11-02""","Premium"
"46","Diya Singh","49","Coimbatore","""2025-09-09""","Premium"
"47","Diya Kapoor","57","Jaipur","""2024-11-02""","Premium"
"48","Nisha Mehta","60","Kochi","""2025-01-15""","Premium"
"49","Rohan Das","30","Bangalore","""2025-05-14""","Premium"
"50","Rajesh Mishra","47","Thiruvananthapuram","""2026-03-22""","Premium"
"51","Riya Banerjee","55","Vadodara","""2026-05-15""","Premium"
"52","Deepak Shah","45","Lucknow","""2025-11-02""","Gold"
"53","Vihaan Kapoor","27","Lucknow","""2026-04-21""","Premium"
"54","Nikhil Reddy","42","Ahmedabad","""2025-12-30""","Gold"
"55","Shruti Rao","63","Hyderabad","""2025-03-17""","Premium"
"56","Meera Saxena","29","Vizag","""2025-12-20""","Gold"
"57","Arjun Mehta","61","Kochi","""2026-02-22""","Premium"
"58","Priya Sharma","35","Vizag","""2025-11-01""","Gold"
"59","Deepak Chopra","26","Chandigarh","""2025-10-18""","Premium"
"60","Ananya Agarwal","38","Ahmedabad","""2026-04-02""","Premium"
"61","Riya Agarwal","40","Indore","""2025-02-01""","Gold"
"62","Aanya Shah","26","Coimbatore","""2024-10-28""","Premium"
"63","Reyansh Banerjee","30","Vizag","""2025-07-29""","Gold"
"64","Riya Kumar","24","Bhopal","""2026-02-28""","Gold"
"65","Aanya Menon","55","Kolkata","""2025-03-25""","Gold"
"66","Vikram Das","43","Pune","""2026-06-04""","Premium"
"67","Karan Gupta","55","Vizag","""2026-04-10""","Premium"
"68","Neha Kumar","53","Lucknow","""2025-11-29""","Gold"
"69","Priya Rao","61","Nagpur","""2024-12-01""","Premium"
"70","Karan Shah","31","Thiruvananthapuram","""2025-03-04""","Gold"
"71","Ananya Mukherjee","48","Nagpur","""2025-10-06""","Premium"
"72","Rohan Kumar","26","Chandigarh","""2026-07-12""","Premium"
"73","Krishna Rao","35","Coimbatore","""2025-12-30""","Premium"
"74","Aditya Mehta","29","Bangalore","""2024-10-18""","Premium"
"75","Swati Rao","55","Lucknow","""2025-09-29""","Premium"
"76","Deepak Mehta","19","Delhi","""2024-09-30""","Premium"
"77","Vivaan Agarwal","21","Kochi","""2026-01-24""","Gold"
"78","Rohan Joshi","24","Indore","""2025-08-26""","Premium"
"79","Riya Kumar","34","Lucknow","""2025-05-09""","Premium"
"80","Vivaan Mishra","40","Chennai","""2025-12-10""","Premium"
"81","Deepak Malhotra","53","Indore","""2026-06-21""","Gold"
"82","Rajesh Gupta","57","Indore","""2026-03-14""","Gold"
"83","Rahul Verma","35","Hyderabad","""2025-03-29""","Gold"
"84","Aanya Das","23","Coimbatore","""2024-10-21""","Premium"
"85","Vivaan Chatterjee","48","Mumbai","""2025-04-28""","Premium"
"86","Diya Iyer","18","Vizag","""2024-12-21""","Premium"
"87","Arjun Mehta","29","Chandigarh","""2025-07-30""","Premium"
"88","Rohan Chatterjee","21","Kolkata","""2025-03-17""","Premium"
"89","Krishna Kumar","45","Ahmedabad","""2025-04-08""","Premium"
"90","Deepak Kumar","60","Bangalore","""2025-03-24""","Gold"
"91","Suresh Kapoor","21","Chennai","""2025-11-24""","Gold"
"92","Mohit Patil","29","Mumbai","""2026-05-06""","Premium"
"93","Isha Chopra","20","Ahmedabad","""2024-10-20""","Premium"
"94","Nisha Bose","20","Ahmedabad","""2024-11-26""","Premium"
"95","Aadhya Mishra","47","Bhopal","""2025-06-08""","Gold"
"96","Aditya Reddy","33","Delhi","""2024-09-30""","Premium"
"97","Shruti Banerjee","45","Coimbatore","""2024-10-23""","Premium"
"98","Divya Joshi","44","Ahmedabad","""2025-09-26""","Gold"
"99","Ishaan Agarwal","58","Thiruvananthapuram","""2025-10-07""","Premium"
"100","Isha Chatterjee","41","Mumbai","""2026-05-21""","Gold"
"101","Rahul Menon","63","Bangalore","""2026-02-23""","Gold"
"102","Anjali Mehta","41","Kolkata","""2025-12-20""","Premium"
"103","Suresh Kumar","41","Kochi","""2026-01-26""","Gold"
"104","Krishna Sharma","53","Ahmedabad","""2025-12-11""","Gold"
"105","Meera Sharma","63","Kolkata","""2025-03-01""","Gold"
"106","Rohan Patel","39","Coimbatore","""2026-05-30""","Gold"
"107","Priya Kapoor","37","Thiruvananthapuram","""2025-06-30""","Premium"
"108","Arjun Bose","39","Coimbatore","""2025-08-05""","Gold"
"109","Myra Gupta","49","Indore","""2025-03-03""","Gold"
"110","Pooja Singh","40","Thiruvananthapuram","""2026-05-21""","Premium"
"111","Reyansh Menon","59","Surat","""2026-06-29""","Gold"
"112","Ayaan Gupta","38","Indore","""2026-03-11""","Gold"
"113","Rahul Agarwal","21","Coimbatore","""2025-07-19""","Gold"
"114","Neha Das","38","Kochi","""2024-12-29""","Gold"
"115","Ishaan Singh","24","Delhi","""2025-05-21""","Premium"
"116","Ishaan Mishra","65","Chandigarh","""2024-11-15""","Gold"
"117","Vihaan Menon","22","Kochi","""2025-02-15""","Gold"
"118","Kavya Gupta","51","Vizag","""2025-03-26""","Gold"
"119","Aarav Agarwal","38","Surat","""2026-02-06""","Premium"
"120","Sara Rao","62","Lucknow","""2026-02-28""","Premium"
"121","Swati Patil","47","Bangalore","""2026-01-29""","Gold"
"122","Sneha Das","59","Vadodara","""2024-11-04""","Premium"
"123","Krishna Kulkarni","65","Ahmedabad","""2026-03-05""","Gold"
"124","Anjali Mehta","24","Kolkata","""2026-01-24""","Gold"
"125","Ayaan Pillai","43","Vadodara","""2025-02-21""","Premium"
"126","Reyansh Agarwal","52","Jaipur","""2025-09-16""","Premium"
"127","Ananya Mehta","59","Thiruvananthapuram","""2025-02-23""","Gold"
"128","Swati Kapoor","22","Mumbai","""2026-04-24""","Premium"
"129","Anjali Chatterjee","40","Vadodara","""2026-03-25""","Gold"
"130","Ayaan Bose","61","Delhi","""2024-12-25""","Premium"
"131","Amit Menon","58","Chennai","""2025-09-13""","Premium"
"132","Priya Pillai","65","Kolkata","""2025-12-19""","Gold"
"133","Tanvi Kulkarni","39","Kolkata","""2024-11-13""","Gold"
"134","Ayaan Mehta","32","Coimbatore","""2025-01-05""","Gold"
"135","Deepak Chopra","40","Chandigarh","""2025-10-22""","Gold"
"136","Vivaan Sinha","39","Kochi","""2026-06-14""","Premium"
"137","Divya Chopra","37","Hyderabad","""2025-01-03""","Gold"
"138","Suresh Kapoor","24","Chandigarh","""2025-03-18""","Gold"
"139","Aanya Patil","23","Kolkata","""2025-06-22""","Gold"
"140","Aadhya Patil","49","Ahmedabad","""2025-11-29""","Premium"
"141","Aadhya Mishra","52","Vadodara","""2025-04-27""","Gold"
"142","Sara Desai","22","Nagpur","""2025-09-22""","Premium"
"143","Ayaan Kulkarni","50","Bhopal","""2024-11-28""","Premium"
"144","Aditya Shah","48","Bangalore","""2026-06-15""","Gold"
"145","Karan Bose","35","Coimbatore","""2025-06-27""","Gold"
"146","Ayaan Menon","49","Indore","""2026-03-08""","Gold"
"147","Sai Das","18","Chennai","""2025-09-20""","Premium"
"148","Myra Agarwal","41","Kolkata","""2026-05-13""","Premium"
"149","Mohit Banerjee","44","Ahmedabad","""2025-03-12""","Premium"
"150","Ananya Agarwal","24","Vizag","""2025-12-01""","Gold"
"151","Pooja Mukherjee","27","Chennai","""2025-07-16""","Premium"
"152","Aarav Banerjee","51","Coimbatore","""2024-11-28""","Gold"
"153","Nisha Sinha","60","Vadodara","""2024-09-30""","Gold"
"154","Aanya Joshi","25","Mumbai","""2024-11-02""","Gold"
"155","Vihaan Mehta","36","Ahmedabad","""2025-07-28""","Premium"
"156","Sara Mehta","36","Vizag","""2024-12-21""","Premium"
"157","Suresh Saxena","45","Chandigarh","""2024-10-27""","Premium"
"158","Priya Rao","40","Lucknow","""2025-05-30""","Premium"
"159","Sneha Nair","26","Kochi","""2026-01-12""","Gold"
"160","Sai Mishra","49","Indore","""2026-07-21""","Gold"
"161","Mohit Verma","55","Kochi","""2025-03-31""","Gold"
"162","Rohan Menon","62","Chennai","""2024-12-13""","Premium"
"163","Myra Kapoor","34","Kolkata","""2024-11-30""","Gold"
"164","Swati Kapoor","56","Hyderabad","""2026-05-01""","Gold"
"165","Aarav Pillai","42","Ahmedabad","""2026-07-24""","Premium"
"166","Diya Agarwal","41","Pune","""2025-02-12""","Gold"
"167","Divya Joshi","57","Bangalore","""2026-07-26""","Gold"
"168","Tanvi Agarwal","27","Ahmedabad","""2026-01-02""","Gold"
"169","Aadhya Mukherjee","25","Jaipur","""2026-03-11""","Gold"
"170","Karan Banerjee","38","Surat","""2024-10-07""","Premium"
"171","Amit Patel","55","Vizag","""2026-04-26""","Premium"
"172","Tanvi Patel","48","Bhopal","""2025-10-07""","Gold"
"173","Vikram Singh","63","Indore","""2025-03-19""","Gold"
"174","Vikram Mishra","37","Chandigarh","""2025-02-04""","Gold"
"175","Kavya Mishra","44","Bangalore","""2026-06-07""","Gold"
"176","Ananya Iyer","28","Coimbatore","""2025-11-04""","Gold"
"177","Neha Gupta","45","Chennai","""2025-09-24""","Gold"
"178","Rahul Desai","62","Mumbai","""2026-06-13""","Gold"
"179","Aanya Das","59","Chennai","""2024-11-28""","Premium"
"180","Riya Reddy","27","Ahmedabad","""2025-04-03""","Gold"
"181","Rohan Chopra","57","Delhi","""2025-11-01""","Gold"
"182","Ananya Reddy","43","Ahmedabad","""2025-03-28""","Gold"
"183","Shruti Das","48","Indore","""2026-01-16""","Premium"
"184","Aarav Desai","31","Bhopal","""2026-01-30""","Premium"
"185","Riya Chatterjee","45","Coimbatore","""2024-10-17""","Premium"
"186","Kavya Kumar","29","Chandigarh","""2025-10-12""","Gold"
"187","Myra Kapoor","35","Kochi","""2024-12-28""","Premium"
"188","Ayaan Chatterjee","20","Chandigarh","""2026-05-12""","Gold"
"189","Amit Kulkarni","61","Bangalore","""2026-06-08""","Gold"
"190","Aditya Mehta","33","Chennai","""2025-12-07""","Gold"
"191","Aanya Iyer","30","Hyderabad","""2025-06-26""","Gold"
"192","Vivaan Sinha","44","Bangalore","""2025-07-13""","Gold"
"193","Suresh Mukherjee","40","Lucknow","""2024-10-11""","Premium"
"194","Anjali Desai","62","Vadodara","""2025-04-29""","Gold"
"195","Swati Sharma","65","Hyderabad","""2026-05-16""","Gold"
"196","Aditya Iyer","50","Vadodara","""2026-07-23""","Gold"
"197","Karan Mehta","27","Kochi","""2026-04-26""","Gold"
"198","Tanvi Saxena","53","Chandigarh","""2024-12-07""","Gold"
"199","Karan Saxena","30","Nagpur","""2025-09-18""","Gold"
"200","Shruti Mehta","44","Delhi","""2025-12-17""","Gold"
"201","Riya Desai","54","Coimbatore","""2024-12-15""","Gold"
"202","Ishaan Kapoor","30","Bhopal","""2025-06-01""","Silver"
"203","Anjali Mishra","19","Vadodara","""2025-01-26""","Silver"
"204","Shruti Desai","40","Chandigarh","""2024-12-10""","Silver"
"205","Arjun Kumar","23","Chandigarh","""2026-03-06""","Gold"
"206","Aadhya Banerjee","32","Vizag","""2025-01-29""","Silver"
"207","Nikhil Shah","31","Hyderabad","""2025-04-29""","Silver"
"208","Aditya Singh","49","Bangalore","""2025-10-23""","Silver"
"209","Deepak Bose","32","Delhi","""2026-06-30""","Silver"
"210","Vihaan Joshi","25","Vizag","""2025-10-14""","Silver"
"211","Ishaan Verma","51","Lucknow","""2025-04-22""","Silver"
"212","Rahul Pillai","32","Kolkata","""2024-11-25""","Silver"
"213","Krishna Agarwal","27","Surat","""2025-05-02""","Silver"
"214","Vikram Reddy","48","Pune","""2024-12-18""","Gold"
"215","Arjun Patel","59","Surat","""2026-04-24""","Gold"
"216","Mohit Sinha","48","Nagpur","""2025-06-30""","Silver"
"217","Swati Pillai","65","Thiruvananthapuram","""2026-04-07""","Gold"
"218","Pooja Rao","27","Jaipur","""2025-08-27""","Silver"
"219","Riya Gupta","30","Nagpur","""2025-01-31""","Silver"
"220","Sai Kapoor","20","Chennai","""2025-11-26""","Silver"
"221","Tanvi Verma","24","Lucknow","""2025-11-23""","Silver"
"222","Arjun Kulkarni","31","Chennai","""2026-01-27""","Silver"
"223","Nisha Singh","49","Kolkata","""2025-07-25""","Silver"
"224","Isha Sharma","44","Coimbatore","""2025-08-01""","Gold"
"225","Neha Joshi","64","Vizag","""2026-06-20""","Silver"
"226","Karan Pillai","33","Hyderabad","""2026-07-15""","Gold"
"227","Vihaan Pillai","19","Pune","""2025-11-03""","Silver"
"228","Suresh Mukherjee","62","Nagpur","""2026-02-08""","Silver"
"229","Sai Shah","37","Coimbatore","""2026-04-08""","Silver"
"230","Pooja Iyer","32","Ahmedabad","""2025-10-11""","Silver"
"231","Priya Desai","39","Bhopal","""2025-03-20""","Silver"
"232","Shruti Chopra","32","Jaipur","""2026-02-24""","Silver"
"233","Sneha Sinha","51","Coimbatore","""2024-10-04""","Gold"
"234","Nisha Bose","37","Pune","""2024-10-03""","Gold"
"235","Nikhil Patil","63","Thiruvananthapuram","""2025-06-02""","Gold"
"236","Nikhil Sinha","60","Coimbatore","""2025-01-10""","Silver"
"237","Vihaan Shah","47","Vadodara","""2024-12-28""","Gold"
"238","Suresh Chopra","44","Lucknow","""2026-06-19""","Gold"
"239","Vihaan Iyer","35","Vadodara","""2026-07-22""","Silver"
"240","Karan Patil","55","Nagpur","""2026-02-10""","Silver"
"241","Aadhya Agarwal","29","Chandigarh","""2024-10-08""","Silver"
"242","Aditya Kapoor","21","Kochi","""2024-10-07""","Gold"
"243","Rajesh Patil","49","Hyderabad","""2025-02-27""","Silver"
"244","Krishna Agarwal","59","Pune","""2026-02-18""","Silver"
"245","Riya Joshi","18","Mumbai","""2026-03-27""","Silver"
"246","Rajesh Reddy","55","Kochi","""2026-03-02""","Silver"
"247","Diya Singh","20","Mumbai","""2025-12-08""","Silver"
"248","Amit Verma","31","Chandigarh","""2025-03-01""","Silver"
"249","Aadhya Sharma","23","Lucknow","""2025-05-09""","Gold"
"250","Sai Saxena","43","Mumbai","""2024-09-29""","Gold"
"251","Riya Desai","53","Vadodara","""2025-09-17""","Silver"
"252","Sneha Kumar","20","Coimbatore","""2025-04-23""","Gold"
"253","Rahul Mishra","56","Lucknow","""2026-06-27""","Silver"
"254","Rohan Singh","31","Ahmedabad","""2025-11-25""","Silver"
"255","Nisha Sinha","64","Vizag","""2025-07-15""","Silver"
"256","Pooja Gupta","27","Bhopal","""2026-07-08""","Silver"
"257","Shruti Mishra","24","Jaipur","""2025-11-22""","Gold"
"258","Deepak Sinha","33","Delhi","""2024-11-05""","Silver"
"259","Krishna Sinha","41","Kolkata","""2026-05-12""","Silver"
"260","Myra Mukherjee","23","Bangalore","""2026-04-13""","Silver"
"261","Suresh Pillai","41","Ahmedabad","""2025-02-04""","Gold"
"262","Rohan Shah","56","Mumbai","""2025-03-29""","Silver"
"263","Aarav Joshi","45","Ahmedabad","""2025-10-02""","Silver"
"264","Nikhil Desai","20","Ahmedabad","""2024-12-16""","Silver"
"265","Rohan Reddy","60","Indore","""2025-07-23""","Silver"
"266","Kavya Chopra","46","Jaipur","""2025-09-10""","Silver"
"267","Rajesh Sinha","23","Jaipur","""2024-11-08""","Silver"
"268","Ishaan Kumar","32","Indore","""2025-05-31""","Gold"
"269","Ananya Kulkarni","33","Vizag","""2026-02-14""","Gold"
"270","Anjali Singh","45","Lucknow","""2026-02-03""","Gold"
"271","Rajesh Sinha","62","Ahmedabad","""2025-01-17""","Silver"
"272","Nikhil Patel","53","Thiruvananthapuram","""2025-10-11""","Silver"
"273","Divya Sinha","28","Indore","""2026-04-20""","Silver"
"274","Ananya Gupta","53","Ahmedabad","""2026-02-23""","Silver"
"275","Reyansh Menon","31","Ahmedabad","""2025-01-10""","Gold"
"276","Swati Mehta","30","Pune","""2025-03-23""","Silver"
"277","Nikhil Iyer","28","Vizag","""2025-10-22""","Silver"
"278","Nikhil Mishra","42","Kochi","""2025-09-27""","Gold"
"279","Anjali Chopra","21","Kolkata","""2026-01-01""","Silver"
"280","Sara Malhotra","18","Indore","""2026-04-26""","Gold"
"281","Neha Nair","22","Thiruvananthapuram","""2026-06-21""","Silver"
"282","Swati Iyer","40","Indore","""2026-04-01""","Silver"
"283","Nisha Shah","35","Delhi","""2025-03-04""","Gold"
"284","Mohit Desai","58","Hyderabad","""2024-11-09""","Silver"
"285","Nisha Rao","33","Thiruvananthapuram","""2024-12-03""","Silver"
"286","Myra Kumar","58","Pune","""2026-06-15""","Gold"
"287","Rahul Malhotra","65","Surat","""2024-12-27""","Silver"
"288","Vikram Das","50","Nagpur","""2026-02-25""","Silver"
"289","Vivaan Joshi","60","Nagpur","""2025-02-24""","Silver"
"290","Vihaan Shah","52","Bhopal","""2025-06-20""","Silver"
"291","Krishna Rao","48","Kochi","""2025-12-16""","Silver"
"292","Vivaan Shah","28","Lucknow","""2025-03-26""","Silver"
"293","Aadhya Patil","19","Vadodara","""2026-06-06""","Silver"
"294","Priya Bose","57","Vadodara","""2025-02-04""","Silver"
"295","Anjali Kulkarni","40","Bangalore","""2024-11-10""","Silver"
"296","Mohit Sharma","32","Mumbai","""2025-11-22""","Gold"
"297","Suresh Singh","59","Bangalore","""2026-02-22""","Silver"
"298","Nikhil Rao","48","Kochi","""2025-09-12""","Gold"
"299","Aarav Menon","53","Indore","""2025-10-22""","Silver"
"300","Sai Sharma","56","Bangalore","""2026-06-29""","Gold"
"301","Swati Joshi","18","Coimbatore","""2025-08-08""","Silver"
"302","Divya Sinha","64","Chandigarh","""2026-04-13""","Silver"
"303","Sai Shah","37","Pune","""2025-06-22""","Gold"
"304","Vivaan Sinha","39","Vadodara","""2025-08-26""","Silver"
"305","Kavya Rao","23","Lucknow","""2025-05-20""","Silver"
"306","Vivaan Saxena","29","Indore","""2024-12-13""","Silver"
"307","Shruti Pillai","53","Thiruvananthapuram","""2025-10-04""","Silver"
"308","Ayaan Malhotra","18","Chennai","""2026-03-15""","Silver"
"309","Aditya Desai","41","Jaipur","""2026-01-04""","Gold"
"310","Diya Kulkarni","61","Kochi","""2025-06-16""","Silver"
"311","Pooja Sharma","61","Coimbatore","""2025-11-09""","Silver"
"312","Ayaan Singh","33","Vizag","""2025-04-03""","Silver"
"313","Kavya Nair","63","Lucknow","""2024-11-21""","Gold"
"314","Vivaan Gupta","50","Vadodara","""2025-02-15""","Gold"
"315","Reyansh Mukherjee","26","Chandigarh","""2024-12-01""","Gold"
"316","Pooja Malhotra","61","Kolkata","""2026-01-08""","Silver"
"317","Rajesh Gupta","61","Mumbai","""2026-07-08""","Gold"
"318","Mohit Verma","46","Chandigarh","""2025-04-24""","Gold"
"319","Krishna Sinha","54","Surat","""2025-03-30""","Silver"
"320","Vikram Kapoor","27","Pune","""2026-04-07""","Silver"
"321","Ayaan Saxena","47","Nagpur","""2026-02-18""","Silver"
"322","Rahul Chopra","44","Vizag","""2026-04-03""","Gold"
"323","Diya Sharma","44","Chennai","""2025-12-20""","Gold"
"324","Sai Das","42","Bhopal","""2025-12-06""","Silver"
"325","Riya Banerjee","41","Bangalore","""2026-01-03""","Gold"
"326","Sneha Singh","65","Bangalore","""2025-02-12""","Silver"
"327","Diya Pillai","30","Nagpur","""2026-06-04""","Gold"
"328","Nikhil Mehta","41","Chennai","""2026-07-08""","Silver"
"329","Rahul Shah","34","Nagpur","""2025-07-05""","Gold"
"330","Vikram Iyer","38","Mumbai","""2026-05-14""","Gold"
"331","Diya Joshi","46","Mumbai","""2025-10-21""","Silver"
"332","Nisha Chatterjee","47","Nagpur","""2026-05-08""","Gold"
"333","Diya Iyer","41","Nagpur","""2025-04-14""","Silver"
"334","Vihaan Mukherjee","21","Vizag","""2026-06-21""","Gold"
"335","Krishna Mishra","18","Lucknow","""2025-04-25""","Silver"
"336","Divya Verma","41","Indore","""2024-10-24""","Silver"
"337","Suresh Sharma","40","Vadodara","""2026-06-12""","Silver"
"338","Sai Saxena","43","Hyderabad","""2026-05-25""","Gold"
"339","Nisha Mukherjee","36","Vadodara","""2025-02-18""","Gold"
"340","Reyansh Patil","45","Surat","""2025-09-02""","Silver"
"341","Suresh Verma","31","Chandigarh","""2026-07-17""","Silver"
"342","Aarav Iyer","46","Indore","""2024-12-09""","Silver"
"343","Aanya Mehta","23","Coimbatore","""2025-01-01""","Silver"
"344","Vivaan Kumar","50","Pune","""2025-07-20""","Gold"
"345","Myra Agarwal","28","Lucknow","""2024-12-01""","Gold"
"346","Myra Verma","63","Vizag","""2025-03-09""","Gold"
"347","Vihaan Sinha","59","Nagpur","""2026-03-07""","Gold"
"348","Aanya Kapoor","53","Lucknow","""2026-06-12""","Silver"
"349","Anjali Malhotra","65","Mumbai","""2025-02-15""","Silver"
"350","Ishaan Das","38","Mumbai","""2025-08-04""","Gold"
"351","Diya Chatterjee","27","Nagpur","""2025-11-14""","Gold"
"352","Pooja Patel","31","Nagpur","""2025-10-13""","Silver"
"353","Ishaan Malhotra","18","Nagpur","""2026-02-17""","Silver"
"354","Priya Mukherjee","49","Lucknow","""2025-01-11""","Silver"
"355","Aanya Sinha","25","Coimbatore","""2026-07-07""","Silver"
"356","Amit Patil","55","Nagpur","""2024-10-15""","Gold"
"357","Vivaan Bose","30","Chandigarh","""2026-05-18""","Silver"
"358","Vivaan Kapoor","51","Bangalore","""2026-07-12""","Silver"
"359","Neha Singh","32","Indore","""2024-09-27""","Silver"
"360","Anjali Saxena","52","Lucknow","""2026-03-14""","Silver"
"361","Anjali Chatterjee","46","Delhi","""2025-11-06""","Silver"
"362","Nisha Agarwal","44","Surat","""2025-12-14""","Gold"
"363","Sai Mishra","27","Nagpur","""2025-02-05""","Gold"
"364","Sneha Mehta","43","Surat","""2026-03-19""","Silver"
"365","Nisha Joshi","55","Indore","""2025-05-21""","Silver"
"366","Krishna Mukherjee","23","Jaipur","""2026-02-27""","Gold"
"367","Shruti Rao","27","Thiruvananthapuram","""2024-11-17""","Gold"
"368","Aditya Gupta","35","Indore","""2024-09-27""","Silver"
"369","Diya Patel","47","Ahmedabad","""2026-01-22""","Gold"
"370","Vikram Saxena","30","Chandigarh","""2025-09-28""","Gold"
"371","Ishaan Patil","64","Jaipur","""2026-06-26""","Gold"
"372","Aditya Sharma","53","Vizag","""2026-02-03""","Silver"
"373","Nikhil Nair","20","Thiruvananthapuram","""2024-12-03""","Gold"
"374","Mohit Nair","35","Thiruvananthapuram","""2024-12-24""","Gold"
"375","Aanya Kulkarni","18","Vizag","""2025-05-27""","Silver"
"376","Pooja Patil","27","Nagpur","""2026-02-16""","Silver"
"377","Neha Banerjee","59","Chennai","""2025-11-22""","Silver"
"378","Aarav Chatterjee","38","Surat","""2025-07-20""","Silver"
"379","Aditya Mishra","23","Kochi","""2025-11-26""","Gold"
"380","Ananya Patel","21","Indore","""2025-08-12""","Silver"
"381","Ananya Shah","61","Jaipur","""2026-02-25""","Silver"
"382","Sai Rao","63","Indore","""2025-01-18""","Silver"
"383","Sai Sinha","49","Vadodara","""2026-02-03""","Silver"
"384","Myra Pillai","31","Chandigarh","""2025-02-11""","Silver"
"385","Rahul Patel","30","Bhopal","""2025-12-04""","Silver"
"386","Riya Gupta","56","Thiruvananthapuram","""2026-05-27""","Silver"
"387","Meera Nair","18","Delhi","""2026-05-12""","Gold"
"388","Rajesh Kapoor","40","Indore","""2025-02-28""","Silver"
"389","Mohit Menon","36","Coimbatore","""2026-03-26""","Silver"
"390","Ishaan Mukherjee","39","Surat","""2024-10-06""","Silver"
"391","Meera Kumar","39","Coimbatore","""2025-09-26""","Silver"
"392","Tanvi Desai","47","Delhi","""2026-07-11""","Silver"
"393","Myra Singh","52","Thiruvananthapuram","""2024-10-06""","Gold"
"394","Meera Reddy","41","Delhi","""2025-10-04""","Silver"
"395","Ananya Banerjee","26","Coimbatore","""2025-01-02""","Silver"
"396","Nisha Rao","20","Ahmedabad","""2025-06-23""","Silver"
"397","Ananya Patil","45","Vadodara","""2026-02-25""","Gold"
"398","Vihaan Kapoor","50","Indore","""2026-05-29""","Silver"
"399","Ayaan Chopra","37","Bangalore","""2025-04-13""","Silver"
"400","Rajesh Saxena","53","Coimbatore","""2026-05-06""","Gold"
"401","Isha Gupta","35","Mumbai","""2025-06-26""","Gold"
"402","Shruti Iyer","31","Bangalore","""2025-08-30""","Gold"
"403","Vihaan Shah","29","Bangalore","""2025-01-19""","Gold"
"404","Nikhil Patil","44","Mumbai","""2024-10-29""","Gold"
"405","Priya Gupta","49","Jaipur","""2026-04-05""","Silver"
"406","Vikram Das","40","Ahmedabad","""2026-03-19""","Gold"
"407","Tanvi Reddy","30","Delhi","""2026-07-11""","Gold"
"408","Rahul Agarwal","39","Surat","""2025-11-07""","Silver"
"409","Reyansh Joshi","51","Lucknow","""2025-04-01""","Silver"
"410","Swati Kapoor","53","Chandigarh","""2026-02-18""","Gold"
"411","Divya Banerjee","18","Ahmedabad","""2026-05-15""","Gold"
"412","Ishaan Agarwal","34","Mumbai","""2024-10-28""","Silver"
"413","Aanya Mishra","26","Coimbatore","""2024-11-08""","Gold"
"414","Sai Saxena","50","Bhopal","""2026-07-08""","Gold"
"415","Diya Menon","62","Indore","""2026-01-02""","Gold"
"416","Pooja Kulkarni","28","Vadodara","""2026-06-01""","Gold"
"417","Isha Mukherjee","43","Bhopal","""2025-12-24""","Silver"
"418","Deepak Nair","56","Bhopal","""2026-05-20""","Gold"
"419","Rahul Bose","40","Bhopal","""2025-09-05""","Silver"
"420","Ishaan Das","44","Nagpur","""2025-05-13""","Gold"
"421","Anjali Patil","27","Bangalore","""2025-11-30""","Silver"
"422","Deepak Pillai","41","Mumbai","""2025-08-12""","Silver"
"423","Krishna Iyer","30","Jaipur","""2024-11-05""","Gold"
"424","Ishaan Kulkarni","21","Pune","""2024-11-04""","Silver"
"425","Vivaan Das","18","Hyderabad","""2025-03-26""","Silver"
"426","Priya Rao","54","Lucknow","""2024-12-16""","Silver"
"427","Aarav Reddy","41","Ahmedabad","""2025-05-12""","Silver"
"428","Pooja Singh","41","Vadodara","""2025-05-24""","Gold"
"429","Myra Iyer","49","Chandigarh","""2024-12-09""","Gold"
"430","Arjun Nair","32","Vadodara","""2025-11-03""","Silver"
"431","Vivaan Singh","52","Ahmedabad","""2025-01-09""","Silver"
"432","Ananya Mehta","19","Hyderabad","""2026-04-02""","Gold"
"433","Sai Mehta","29","Jaipur","""2026-06-02""","Gold"
"434","Anjali Reddy","22","Coimbatore","""2025-05-25""","Silver"
"435","Reyansh Menon","32","Vizag","""2024-12-02""","Silver"
"436","Mohit Banerjee","43","Vizag","""2025-04-24""","Silver"
"437","Sara Rao","34","Indore","""2025-09-01""","Gold"
"438","Rajesh Mukherjee","36","Indore","""2025-02-18""","Gold"
"439","Amit Chatterjee","19","Ahmedabad","""2025-03-13""","Gold"
"440","Krishna Kapoor","43","Indore","""2024-10-10""","Gold"
"441","Aadhya Mehta","21","Hyderabad","""2025-03-01""","Silver"
"442","Rohan Kapoor","18","Vadodara","""2025-12-07""","Silver"
"443","Priya Shah","20","Vadodara","""2025-04-24""","Gold"
"444","Arjun Iyer","44","Vadodara","""2026-04-13""","Silver"
"445","Kavya Reddy","59","Bangalore","""2024-12-08""","Silver"
"446","Myra Mehta","21","Chennai","""2024-11-29""","Silver"
"447","Amit Shah","33","Kolkata","""2025-02-20""","Silver"
"448","Diya Chatterjee","31","Delhi","""2024-11-16""","Gold"
"449","Kavya Joshi","34","Vadodara","""2025-05-29""","Gold"
"450","Swati Verma","21","Surat","""2025-12-29""","Silver"
"451","Vikram Reddy","65","Jaipur","""2025-04-24""","Gold"
"452","Isha Patel","37","Bangalore","""2025-12-27""","Silver"
"453","Ananya Das","43","Bhopal","""2025-12-19""","Gold"
"454","Deepak Joshi","57","Kolkata","""2026-03-12""","Gold"
"455","Vivaan Malhotra","37","Bhopal","""2026-02-17""","Gold"
"456","Sneha Mukherjee","47","Jaipur","""2026-01-02""","Gold"
"457","Sara Nair","21","Bangalore","""2025-04-06""","Silver"
"458","Pooja Shah","37","Mumbai","""2025-08-08""","Gold"
"459","Arjun Desai","20","Pune","""2025-06-21""","Gold"
"460","Sai Kumar","31","Hyderabad","""2026-06-11""","Silver"
"461","Amit Malhotra","39","Delhi","""2026-05-06""","Silver"
"462","Sara Saxena","57","Vizag","""2026-03-30""","Silver"
"463","Sai Chatterjee","58","Mumbai","""2025-04-20""","Silver"
"464","Anjali Mukherjee","52","Jaipur","""2025-09-16""","Silver"
"465","Isha Singh","61","Ahmedabad","""2025-08-08""","Gold"
"466","Suresh Mukherjee","24","Surat","""2025-08-13""","Silver"
"467","Meera Kapoor","48","Chandigarh","""2025-10-05""","Gold"
"468","Reyansh Sharma","18","Mumbai","""2026-03-08""","Silver"
"469","Shruti Patel","19","Lucknow","""2025-04-12""","Silver"
"470","Arjun Bose","52","Chennai","""2026-07-17""","Gold"
"471","Myra Kapoor","48","Coimbatore","""2025-10-08""","Silver"
"472","Kavya Kulkarni","54","Ahmedabad","""2025-12-06""","Silver"
"473","Aanya Mukherjee","30","Pune","""2025-04-02""","Silver"
"474","Kavya Desai","48","Chandigarh","""2026-04-28""","Gold"
"475","Anjali Mishra","19","Kochi","""2025-11-20""","Silver"
"476","Meera Nair","22","Bhopal","""2026-07-14""","Gold"
"477","Aadhya Saxena","64","Kolkata","""2025-01-31""","Gold"
"478","Rajesh Malhotra","52","Ahmedabad","""2026-02-28""","Silver"
"479","Diya Chatterjee","54","Chennai","""2026-06-13""","Silver"
"480","Sara Agarwal","38","Ahmedabad","""2025-12-20""","Gold"
"481","Vivaan Gupta","33","Bhopal","""2026-04-04""","Silver"
"482","Divya Sharma","39","Indore","""2026-02-12""","Gold"
"483","Myra Bose","47","Lucknow","""2025-10-08""","Silver"
"484","Shruti Patel","32","Chennai","""2026-06-11""","Silver"
"485","Aarav Bose","36","Ahmedabad","""2025-03-16""","Silver"
"486","Karan Sinha","42","Kochi","""2025-10-05""","Silver"
"487","Rahul Mukherjee","33","Chandigarh","""2025-07-01""","Gold"
"488","Aditya Verma","25","Mumbai","""2025-06-28""","Gold"
"489","Rahul Iyer","38","Mumbai","""2025-04-21""","Silver"
"490","Suresh Shah","32","Lucknow","""2025-09-26""","Silver"
"491","Mohit Sinha","63","Surat","""2025-01-25""","Silver"
"492","Suresh Bose","63","Kolkata","""2024-12-24""","Gold"
"493","Amit Chatterjee","60","Surat","""2025-04-23""","Silver"
"494","Tanvi Malhotra","24","Nagpur","""2026-03-30""","Silver"
"495","Suresh Banerjee","27","Thiruvananthapuram","""2025-03-12""","Silver"
"496","Kavya Patel","37","Ahmedabad","""2025-11-24""","Silver"
"497","Swati Joshi","62","Nagpur","""2026-06-17""","Silver"
"498","Diya Desai","31","Vizag","""2026-04-10""","Silver"
"499","Sneha Nair","45","Delhi","""2025-05-24""","Gold"
"500","Aarav Mishra","29","Vizag","""2025-03-19""","Gold"
"501","Nisha Kapoor","63","Vadodara","""2025-03-29""","Silver"
"502","Sai Desai","62","Coimbatore","""2025-02-03""","Bronze"
"503","Aanya Sinha","61","Bhopal","""2026-03-11""","Bronze"
"504","Rohan Gupta","50","Coimbatore","""2026-02-13""","Bronze"
"505","Nisha Kulkarni","51","Kolkata","""2025-03-30""","Silver"
"506","Nisha Iyer","33","Vadodara","""2024-11-23""","Silver"
"507","Vikram Das","48","Nagpur","""2025-08-02""","Bronze"
"508","Sara Chopra","32","Surat","""2025-10-29""","Bronze"
"509","Arjun Verma","54","Bangalore","""2026-01-11""","Bronze"
"510","Ayaan Patel","60","Chennai","""2024-10-31""","Bronze"
"511","Sai Kapoor","55","Indore","""2025-02-01""","Bronze"
"512","Aanya Nair","29","Mumbai","""2024-10-16""","Bronze"
"513","Mohit Verma","36","Thiruvananthapuram","""2025-11-02""","Bronze"
"514","Arjun Chopra","20","Bangalore","""2025-05-14""","Silver"
"515","Nisha Mukherjee","20","Ahmedabad","""2025-09-13""","Silver"
"516","Pooja Singh","54","Vizag","""2026-05-09""","Silver"
"517","Swati Kapoor","43","Jaipur","""2025-02-25""","Bronze"
"518","Sara Shah","55","Mumbai","""2026-05-07""","Silver"
"519","Nisha Das","50","Pune","""2025-11-12""","Bronze"
"520","Rohan Bose","24","Ahmedabad","""2026-04-18""","Bronze"
"521","Suresh Gupta","24","Thiruvananthapuram","""2025-07-18""","Silver"
"522","Ananya Iyer","65","Bangalore","""2025-07-25""","Bronze"
"523","Divya Shah","39","Lucknow","""2025-04-06""","Bronze"
"524","Myra Shah","33","Indore","""2025-04-15""","Silver"
"525","Ayaan Bose","46","Lucknow","""2025-09-04""","Bronze"
"526","Ayaan Sharma","39","Jaipur","""2025-03-11""","Bronze"
"527","Mohit Kumar","32","Vizag","""2026-04-22""","Silver"
"528","Sneha Reddy","35","Coimbatore","""2025-01-15""","Bronze"
"529","Kavya Kapoor","65","Chandigarh","""2025-05-18""","Bronze"
"530","Krishna Menon","54","Pune","""2025-06-13""","Bronze"
"531","Mohit Menon","30","Hyderabad","""2025-06-02""","Bronze"
"532","Neha Singh","58","Nagpur","""2025-02-28""","Bronze"
"533","Vivaan Sharma","19","Vadodara","""2025-02-27""","Bronze"
"534","Neha Verma","62","Ahmedabad","""2025-01-17""","Bronze"
"535","Diya Singh","47","Chennai","""2026-05-08""","Bronze"
"536","Pooja Nair","20","Vizag","""2024-12-02""","Bronze"
"537","Aditya Verma","33","Lucknow","""2026-01-22""","Silver"
"538","Kavya Patel","54","Bhopal","""2026-05-07""","Bronze"
"539","Rohan Das","24","Indore","""2025-04-12""","Bronze"
"540","Diya Das","21","Kochi","""2025-11-04""","Bronze"
"541","Meera Chopra","62","Ahmedabad","""2024-09-29""","Bronze"
"542","Karan Chopra","24","Vizag","""2025-06-19""","Bronze"
"543","Isha Mishra","32","Surat","""2025-06-25""","Bronze"
"544","Krishna Iyer","39","Thiruvananthapuram","""2025-02-27""","Bronze"
"545","Aditya Nair","42","Bangalore","""2026-03-20""","Bronze"
"546","Sneha Nair","26","Coimbatore","""2025-11-20""","Bronze"
"547","Arjun Mishra","64","Vizag","""2026-06-22""","Silver"
"548","Arjun Mishra","64","Bhopal","""2024-11-14""","Bronze"
"549","Tanvi Verma","27","Mumbai","""2025-11-17""","Silver"
"550","Karan Patil","42","Vadodara","""2026-06-08""","Silver"
"551","Rohan Pillai","59","Ahmedabad","""2025-08-03""","Bronze"
"552","Swati Banerjee","20","Kochi","""2024-10-23""","Bronze"
"553","Ishaan Menon","47","Vizag","""2025-08-01""","Bronze"
"554","Vihaan Singh","25","Kolkata","""2025-02-20""","Bronze"
"555","Ananya Sharma","22","Hyderabad","""2025-10-23""","Bronze"
"556","Pooja Verma","35","Chandigarh","""2025-12-08""","Bronze"
"557","Arjun Nair","31","Nagpur","""2024-11-18""","Bronze"
"558","Karan Desai","59","Nagpur","""2025-10-05""","Silver"
"559","Mohit Chopra","38","Kolkata","""2024-10-17""","Bronze"
"560","Ayaan Menon","55","Vadodara","""2025-07-07""","Silver"
"561","Kavya Agarwal","19","Indore","""2025-04-20""","Bronze"
"562","Shruti Kumar","19","Lucknow","""2025-09-17""","Silver"
"563","Reyansh Iyer","26","Kochi","""2025-01-25""","Bronze"
"564","Aanya Menon","63","Vizag","""2025-07-04""","Silver"
"565","Aditya Shah","28","Indore","""2024-11-23""","Bronze"
"566","Aadhya Banerjee","32","Surat","""2026-02-05""","Bronze"
"567","Nikhil Chatterjee","34","Bhopal","""2024-10-27""","Bronze"
"568","Isha Sinha","23","Ahmedabad","""2026-07-18""","Silver"
"569","Shruti Das","20","Delhi","""2025-04-08""","Bronze"
"570","Aadhya Nair","40","Bhopal","""2026-03-23""","Bronze"
"571","Mohit Rao","28","Jaipur","""2025-02-11""","Silver"
"572","Aarav Singh","56","Vizag","""2026-02-11""","Bronze"
"573","Vihaan Pillai","60","Bangalore","""2025-12-06""","Bronze"
"574","Reyansh Patil","62","Nagpur","""2024-10-26""","Silver"
"575","Pooja Saxena","29","Indore","""2024-10-20""","Silver"
"576","Ishaan Malhotra","27","Chandigarh","""2025-04-28""","Bronze"
"577","Neha Reddy","28","Kolkata","""2025-05-23""","Bronze"
"578","Myra Banerjee","19","Vizag","""2026-04-13""","Silver"
"579","Kavya Bose","25","Indore","""2024-12-01""","Silver"
"580","Anjali Rao","27","Nagpur","""2025-07-01""","Bronze"
"581","Vivaan Banerjee","41","Chennai","""2025-01-12""","Silver"
"582","Sara Pillai","44","Vizag","""2026-01-15""","Bronze"
"583","Pooja Desai","25","Bangalore","""2025-03-01""","Bronze"
"584","Vihaan Patel","52","Vadodara","""2024-11-22""","Bronze"
"585","Sneha Chatterjee","24","Vizag","""2025-12-12""","Bronze"
"586","Krishna Kumar","19","Hyderabad","""2025-08-02""","Silver"
"587","Ishaan Saxena","35","Mumbai","""2026-04-13""","Bronze"
"588","Rohan Saxena","55","Thiruvananthapuram","""2025-03-13""","Bronze"
"589","Vikram Rao","27","Lucknow","""2026-02-09""","Bronze"
"590","Suresh Pillai","42","Nagpur","""2024-10-15""","Silver"
"591","Priya Kumar","61","Bangalore","""2024-10-14""","Bronze"
"592","Krishna Verma","51","Chandigarh","""2026-07-06""","Bronze"
"593","Vivaan Rao","48","Lucknow","""2025-04-18""","Bronze"
"594","Pooja Patil","44","Pune","""2025-02-11""","Bronze"
"595","Nisha Kumar","52","Hyderabad","""2025-08-06""","Silver"
"596","Sara Kulkarni","49","Lucknow","""2025-11-09""","Silver"
"597","Meera Verma","60","Nagpur","""2026-03-22""","Silver"
"598","Neha Gupta","42","Nagpur","""2025-11-18""","Silver"
"599","Mohit Chatterjee","64","Pune","""2025-01-05""","Bronze"
"600","Riya Das","35","Mumbai","""2025-07-10""","Bronze"
"601","Shruti Joshi","63","Ahmedabad","""2026-02-13""","Bronze"
"602","Rajesh Mehta","32","Coimbatore","""2025-04-06""","Bronze"
"603","Sara Gupta","65","Chennai","""2025-01-29""","Bronze"
"604","Krishna Gupta","51","Nagpur","""2025-02-22""","Bronze"
"605","Priya Chopra","61","Indore","""2026-07-27""","Bronze"
"606","Diya Patil","48","Hyderabad","""2024-09-26""","Silver"
"607","Divya Mishra","49","Kochi","""2026-01-23""","Bronze"
"608","Diya Das","59","Delhi","""2025-05-05""","Bronze"
"609","Tanvi Joshi","64","Ahmedabad","""2026-03-24""","Silver"
"610","Shruti Banerjee","27","Nagpur","""2026-04-14""","Silver"
"611","Arjun Shah","55","Chandigarh","""2024-10-22""","Silver"
"612","Tanvi Joshi","47","Delhi","""2026-01-11""","Silver"
"613","Reyansh Singh","32","Nagpur","""2025-03-23""","Bronze"
"614","Sneha Menon","46","Surat","""2025-05-20""","Bronze"
"615","Swati Agarwal","23","Chennai","""2025-08-24""","Bronze"
"616","Tanvi Saxena","19","Jaipur","""2026-01-11""","Bronze"
"617","Nisha Agarwal","65","Kolkata","""2025-12-10""","Bronze"
"618","Ananya Mukherjee","61","Chandigarh","""2025-05-27""","Silver"
"619","Karan Banerjee","64","Coimbatore","""2026-05-23""","Bronze"
"620","Riya Patil","18","Delhi","""2026-03-22""","Silver"
"621","Nikhil Iyer","46","Chandigarh","""2024-12-12""","Silver"
"622","Vihaan Chopra","20","Mumbai","""2026-04-18""","Silver"
"623","Aanya Joshi","38","Vizag","""2025-07-07""","Silver"
"624","Shruti Sharma","42","Kochi","""2025-09-29""","Bronze"
"625","Meera Kapoor","24","Vadodara","""2026-01-18""","Silver"
"626","Pooja Bose","21","Bangalore","""2025-05-24""","Bronze"
"627","Tanvi Reddy","39","Jaipur","""2026-07-01""","Bronze"
"628","Nisha Iyer","48","Nagpur","""2026-01-24""","Silver"
"629","Priya Malhotra","38","Kolkata","""2026-07-16""","Bronze"
"630","Sai Joshi","22","Hyderabad","""2025-01-11""","Bronze"
"631","Neha Chatterjee","23","Bhopal","""2025-07-12""","Bronze"
"632","Divya Sinha","40","Indore","""2025-06-26""","Bronze"
"633","Ananya Menon","40","Jaipur","""2026-06-28""","Bronze"
"634","Meera Rao","30","Chennai","""2026-04-01""","Bronze"
"635","Neha Mukherjee","34","Delhi","""2026-04-03""","Bronze"
"636","Pooja Desai","27","Pune","""2024-11-14""","Bronze"
"637","Vikram Mehta","35","Vizag","""2025-12-24""","Bronze"
"638","Diya Gupta","31","Nagpur","""2025-11-05""","Bronze"
"639","Myra Kapoor","63","Lucknow","""2025-08-09""","Bronze"
"640","Diya Mukherjee","21","Kochi","""2025-02-17""","Silver"
"641","Divya Banerjee","23","Delhi","""2025-02-12""","Silver"
"642","Arjun Malhotra","51","Chennai","""2026-05-26""","Bronze"
"643","Kavya Nair","38","Coimbatore","""2024-10-25""","Bronze"
"644","Priya Agarwal","30","Chandigarh","""2024-12-01""","Bronze"
"645","Ayaan Sharma","41","Bangalore","""2025-03-25""","Silver"
"646","Priya Mukherjee","40","Chandigarh","""2025-08-10""","Bronze"
"647","Reyansh Patil","29","Mumbai","""2025-11-14""","Silver"
"648","Kavya Pillai","33","Chandigarh","""2024-12-01""","Bronze"
"649","Isha Gupta","50","Surat","""2026-02-19""","Silver"
"650","Neha Sharma","56","Surat","""2026-06-27""","Silver"
"651","Mohit Patel","47","Surat","""2025-08-31""","Bronze"
"652","Divya Kumar","19","Lucknow","""2024-09-30""","Bronze"
"653","Riya Gupta","50","Thiruvananthapuram","""2026-03-12""","Silver"
"654","Nisha Iyer","19","Nagpur","""2025-02-21""","Bronze"
"655","Ishaan Kapoor","35","Lucknow","""2025-04-20""","Bronze"
"656","Aditya Menon","61","Nagpur","""2025-07-18""","Bronze"
"657","Ananya Kumar","50","Chennai","""2025-03-20""","Silver"
"658","Ananya Sharma","36","Chennai","""2025-01-27""","Bronze"
"659","Aadhya Malhotra","52","Bangalore","""2026-07-21""","Bronze"
"660","Arjun Mukherjee","39","Nagpur","""2025-09-17""","Bronze"
"661","Tanvi Mukherjee","24","Lucknow","""2025-09-18""","Bronze"
"662","Priya Reddy","39","Jaipur","""2024-12-08""","Bronze"
"663","Aadhya Chopra","61","Bangalore","""2025-10-31""","Silver"
"664","Sneha Gupta","36","Pune","""2024-09-27""","Bronze"
"665","Shruti Desai","39","Surat","""2025-09-25""","Bronze"
"666","Rohan Gupta","41","Vadodara","""2025-01-03""","Silver"
"667","Tanvi Mishra","25","Surat","""2024-12-21""","Silver"
"668","Riya Chatterjee","25","Ahmedabad","""2025-01-17""","Bronze"
"669","Ananya Malhotra","60","Chandigarh","""2025-02-23""","Silver"
"670","Vivaan Malhotra","33","Chennai","""2024-12-05""","Bronze"
"671","Neha Chatterjee","32","Mumbai","""2025-03-20""","Bronze"
"672","Reyansh Nair","60","Jaipur","""2026-04-16""","Bronze"
"673","Myra Das","63","Surat","""2025-03-26""","Silver"
"674","Amit Kapoor","37","Chandigarh","""2025-01-15""","Bronze"
"675","Karan Kapoor","50","Jaipur","""2026-07-16""","Bronze"
"676","Anjali Saxena","58","Jaipur","""2025-08-22""","Bronze"
"677","Rajesh Singh","65","Coimbatore","""2026-01-23""","Bronze"
"678","Aarav Mukherjee","60","Vizag","""2025-03-14""","Bronze"
"679","Vikram Bose","59","Surat","""2025-03-26""","Bronze"
"680","Amit Mishra","44","Kolkata","""2025-08-29""","Silver"
"681","Swati Verma","32","Thiruvananthapuram","""2026-05-02""","Bronze"
"682","Nisha Reddy","47","Kolkata","""2026-04-18""","Bronze"
"683","Amit Saxena","55","Indore","""2025-10-30""","Bronze"
"684","Pooja Singh","37","Bhopal","""2026-01-17""","Bronze"
"685","Sai Desai","36","Coimbatore","""2026-03-25""","Bronze"
"686","Sai Rao","42","Vadodara","""2025-07-07""","Bronze"
"687","Nisha Chopra","50","Lucknow","""2026-04-29""","Silver"
"688","Ananya Nair","45","Kolkata","""2025-09-14""","Silver"
"689","Aarav Reddy","53","Vadodara","""2025-03-24""","Silver"
"690","Riya Mishra","53","Vizag","""2025-06-10""","Bronze"
"691","Rohan Patel","37","Delhi","""2026-01-13""","Bronze"
"692","Meera Mishra","43","Surat","""2026-03-12""","Bronze"
"693","Divya Mehta","64","Chandigarh","""2025-12-04""","Bronze"
"694","Aadhya Iyer","25","Coimbatore","""2025-02-18""","Bronze"
"695","Deepak Saxena","61","Pune","""2025-11-30""","Bronze"
"696","Diya Shah","24","Nagpur","""2026-01-13""","Bronze"
"697","Isha Shah","26","Indore","""2025-01-08""","Bronze"
"698","Suresh Rao","65","Mumbai","""2026-05-27""","Bronze"
"699","Diya Kumar","42","Nagpur","""2024-10-31""","Silver"
"700","Nisha Chatterjee","36","Vadodara","""2025-07-08""","Bronze"
"701","Karan Chopra","33","Bhopal","""2025-02-28""","Silver"
"702","Rohan Pillai","61","Coimbatore","""2026-02-28""","Bronze"
"703","Pooja Pillai","54","Pune","""2025-08-09""","Bronze"
"704","Priya Nair","33","Coimbatore","""2024-11-29""","Silver"
"705","Vikram Bose","48","Lucknow","""2025-07-08""","Bronze"
"706","Krishna Reddy","31","Lucknow","""2026-02-28""","Bronze"
"707","Myra Shah","59","Lucknow","""2025-08-28""","Bronze"
"708","Mohit Patil","45","Thiruvananthapuram","""2025-12-04""","Silver"
"709","Aarav Banerjee","55","Hyderabad","""2025-06-16""","Bronze"
"710","Shruti Banerjee","49","Vizag","""2026-01-06""","Bronze"
"711","Deepak Gupta","35","Lucknow","""2026-05-03""","Bronze"
"712","Vivaan Das","55","Bhopal","""2026-03-02""","Bronze"
"713","Aanya Kapoor","48","Kolkata","""2025-05-18""","Bronze"
"714","Rahul Joshi","20","Nagpur","""2026-02-06""","Bronze"
"715","Kavya Chopra","34","Indore","""2026-02-27""","Bronze"
"716","Myra Verma","58","Mumbai","""2025-07-12""","Bronze"
"717","Rajesh Mishra","43","Hyderabad","""2025-04-22""","Silver"
"718","Meera Menon","58","Nagpur","""2026-06-24""","Bronze"
"719","Divya Rao","26","Lucknow","""2025-07-06""","Bronze"
"720","Nikhil Chatterjee","31","Indore","""2024-12-11""","Bronze"
"721","Aarav Singh","51","Thiruvananthapuram","""2025-12-05""","Bronze"
"722","Nikhil Nair","46","Jaipur","""2024-10-25""","Bronze"
"723","Rohan Nair","44","Kolkata","""2025-05-19""","Bronze"
"724","Pooja Sharma","41","Kochi","""2026-01-22""","Bronze"
"725","Tanvi Verma","63","Nagpur","""2026-01-04""","Silver"
"726","Riya Menon","63","Bhopal","""2025-07-01""","Silver"
"727","Divya Reddy","23","Thiruvananthapuram","""2026-05-08""","Bronze"
"728","Aanya Chopra","20","Jaipur","""2025-03-05""","Bronze"
"729","Amit Banerjee","58","Ahmedabad","""2026-04-25""","Bronze"
"730","Divya Menon","34","Bhopal","""2025-05-02""","Silver"
"731","Vihaan Kapoor","18","Pune","""2024-11-21""","Bronze"
"732","Priya Mukherjee","47","Vizag","""2024-11-05""","Bronze"
"733","Mohit Joshi","52","Pune","""2024-11-23""","Bronze"
"734","Aditya Desai","45","Indore","""2025-04-02""","Bronze"
"735","Krishna Kapoor","35","Bangalore","""2025-11-26""","Bronze"
"736","Reyansh Verma","36","Mumbai","""2026-07-16""","Silver"
"737","Kavya Joshi","41","Jaipur","""2026-05-01""","Bronze"
"738","Neha Chopra","52","Chandigarh","""2025-07-27""","Bronze"
"739","Vihaan Mehta","40","Chandigarh","""2025-05-09""","Bronze"
"740","Deepak Chatterjee","53","Bangalore","""2025-04-01""","Bronze"
"741","Arjun Mehta","45","Nagpur","""2024-10-08""","Bronze"
"742","Sara Nair","36","Surat","""2025-04-21""","Bronze"
"743","Neha Chopra","63","Chandigarh","""2025-02-16""","Silver"
"744","Shruti Nair","35","Indore","""2026-07-15""","Bronze"
"745","Ayaan Shah","49","Indore","""2025-11-03""","Silver"
"746","Mohit Pillai","52","Coimbatore","""2026-07-10""","Bronze"
"747","Krishna Singh","41","Lucknow","""2024-10-30""","Bronze"
"748","Aadhya Banerjee","41","Ahmedabad","""2025-06-19""","Bronze"
"749","Rajesh Kulkarni","32","Pune","""2025-07-07""","Bronze"
"750","Riya Shah","62","Vadodara","""2025-10-22""","Silver"
"751","Aadhya Menon","29","Chandigarh","""2025-09-22""","Bronze"
"752","Rajesh Pillai","23","Coimbatore","""2025-04-06""","Bronze"
"753","Priya Kumar","40","Jaipur","""2025-02-25""","Bronze"
"754","Tanvi Bose","32","Kolkata","""2025-07-16""","Silver"
"755","Vihaan Banerjee","61","Hyderabad","""2026-04-13""","Bronze"
"756","Sneha Reddy","65","Chandigarh","""2025-12-09""","Bronze"
"757","Suresh Kapoor","33","Coimbatore","""2025-05-07""","Bronze"
"758","Vikram Singh","30","Pune","""2025-05-27""","Bronze"
"759","Nisha Kulkarni","43","Vadodara","""2026-07-26""","Bronze"
"760","Deepak Gupta","62","Bangalore","""2026-05-02""","Silver"
"761","Nikhil Patel","63","Kolkata","""2026-05-20""","Silver"
"762","Anjali Kumar","25","Hyderabad","""2024-11-25""","Bronze"
"763","Nisha Saxena","51","Thiruvananthapuram","""2025-08-27""","Bronze"
"764","Deepak Gupta","51","Thiruvananthapuram","""2025-10-31""","Silver"
"765","Vikram Singh","22","Kolkata","""2026-06-09""","Bronze"
"766","Pooja Gupta","37","Thiruvananthapuram","""2025-04-13""","Bronze"
"767","Tanvi Mehta","28","Bhopal","""2026-02-11""","Bronze"
"768","Sai Sharma","56","Kochi","""2025-04-07""","Bronze"
"769","Arjun Iyer","47","Surat","""2026-03-18""","Bronze"
"770","Ishaan Mishra","40","Nagpur","""2026-01-23""","Bronze"
"771","Vihaan Chatterjee","52","Jaipur","""2026-07-22""","Bronze"
"772","Ishaan Mehta","25","Kolkata","""2025-01-20""","Bronze"
"773","Sneha Malhotra","28","Jaipur","""2025-02-28""","Bronze"
"774","Arjun Rao","52","Surat","""2025-09-04""","Bronze"
"775","Karan Nair","61","Bhopal","""2025-11-23""","Silver"
"776","Reyansh Shah","35","Chandigarh","""2025-01-11""","Silver"
"777","Ananya Desai","51","Kochi","""2026-07-08""","Bronze"
"778","Shruti Kapoor","50","Jaipur","""2024-11-15""","Bronze"
"779","Pooja Kumar","28","Bangalore","""2024-12-27""","Bronze"
"780","Reyansh Mukherjee","32","Bhopal","""2024-12-26""","Silver"
"781","Nisha Das","37","Ahmedabad","""2025-04-29""","Bronze"
"782","Shruti Bose","46","Thiruvananthapuram","""2026-01-14""","Silver"
"783","Isha Nair","38","Bhopal","""2024-10-13""","Bronze"
"784","Rajesh Iyer","27","Bhopal","""2026-04-24""","Silver"
"785","Sneha Menon","56","Bhopal","""2025-12-29""","Silver"
"786","Deepak Mishra","58","Nagpur","""2026-01-16""","Silver"
"787","Suresh Malhotra","62","Chandigarh","""2024-12-11""","Silver"
"788","Ishaan Mukherjee","31","Hyderabad","""2026-04-24""","Bronze"
"789","Myra Reddy","35","Hyderabad","""2026-05-22""","Bronze"
"790","Rahul Mukherjee","38","Chennai","""2025-12-21""","Silver"
"791","Ayaan Pillai","43","Bangalore","""2025-04-19""","Silver"
"792","Riya Nair","21","Vadodara","""2026-03-28""","Bronze"
"793","Ishaan Malhotra","25","Ahmedabad","""2025-02-17""","Bronze"
"794","Sara Mishra","37","Bangalore","""2025-08-11""","Silver"
"795","Anjali Sharma","44","Bhopal","""2025-11-12""","Bronze"
"796","Karan Banerjee","42","Indore","""2025-04-13""","Bronze"
"797","Vivaan Nair","19","Indore","""2024-11-11""","Bronze"
"798","Amit Singh","48","Vadodara","""2026-05-08""","Bronze"
"799","Aditya Mehta","21","Lucknow","""2026-05-05""","Bronze"
"800","Vihaan Mehta","26","Chandigarh","""2025-11-02""","Bronze"
"801","Aadhya Patel","51","Vizag","""2025-05-20""","Bronze"
"802","Ishaan Shah","27","Mumbai","""2026-02-23""","Bronze"
"803","Rajesh Patil","44","Kolkata","""2025-07-18""","Bronze"
"804","Ayaan Chatterjee","62","Bangalore","""2025-05-03""","Bronze"
"805","Mohit Pillai","58","Bangalore","""2026-02-09""","Silver"
"806","Nikhil Reddy","43","Delhi","""2024-11-29""","Bronze"
"807","Neha Menon","45","Vizag","""2024-10-03""","Silver"
"808","Rahul Mukherjee","55","Ahmedabad","""2025-02-03""","Silver"
"809","Anjali Shah","65","Ahmedabad","""2025-11-09""","Silver"
"810","Anjali Iyer","35","Kolkata","""2025-07-09""","Bronze"
"811","Anjali Kumar","50","Nagpur","""2026-04-13""","Bronze"
"812","Neha Chatterjee","56","Lucknow","""2025-09-25""","Bronze"
"813","Pooja Sharma","29","Surat","""2025-05-10""","Bronze"
"814","Rahul Kumar","18","Delhi","""2026-06-27""","Silver"
"815","Aanya Kapoor","51","Jaipur","""2025-06-28""","Bronze"
"816","Isha Chatterjee","39","Surat","""2026-03-14""","Silver"
"817","Kavya Iyer","57","Lucknow","""2025-04-17""","Bronze"
"818","Diya Kulkarni","44","Indore","""2026-03-23""","Bronze"
"819","Deepak Kulkarni","42","Pune","""2025-07-13""","Bronze"
"820","Neha Mukherjee","29","Nagpur","""2026-03-12""","Bronze"
"821","Reyansh Shah","62","Nagpur","""2026-02-15""","Bronze"
"822","Aarav Banerjee","55","Kolkata","""2025-05-15""","Bronze"
"823","Sara Chopra","26","Mumbai","""2026-06-07""","Silver"
"824","Aditya Desai","22","Hyderabad","""2026-07-09""","Bronze"
"825","Rahul Nair","41","Indore","""2025-09-14""","Bronze"
"826","Rohan Menon","45","Kochi","""2026-03-19""","Silver"
"827","Krishna Iyer","28","Bangalore","""2025-06-10""","Silver"
"828","Shruti Agarwal","31","Lucknow","""2025-03-10""","Silver"
"829","Riya Reddy","43","Indore","""2026-03-26""","Silver"
"830","Mohit Reddy","46","Hyderabad","""2024-11-23""","Silver"
"831","Shruti Saxena","31","Bhopal","""2024-12-03""","Bronze"
"832","Divya Agarwal","18","Vizag","""2025-08-27""","Bronze"
"833","Ayaan Reddy","20","Nagpur","""2026-03-21""","Bronze"
"834","Tanvi Shah","27","Lucknow","""2025-10-28""","Bronze"
"835","Swati Agarwal","44","Kolkata","""2025-08-15""","Bronze"
"836","Myra Shah","40","Chandigarh","""2025-05-29""","Bronze"
"837","Ishaan Malhotra","31","Delhi","""2024-12-20""","Bronze"
"838","Nisha Das","52","Ahmedabad","""2025-09-09""","Silver"
"839","Diya Malhotra","42","Vadodara","""2025-02-20""","Bronze"
"840","Reyansh Rao","52","Lucknow","""2024-11-01""","Bronze"
"841","Divya Menon","49","Chandigarh","""2026-06-01""","Silver"
"842","Rahul Iyer","55","Hyderabad","""2025-11-22""","Silver"
"843","Amit Iyer","19","Nagpur","""2025-02-09""","Silver"
"844","Arjun Kumar","60","Pune","""2025-07-07""","Silver"
"845","Mohit Mehta","29","Vizag","""2025-06-22""","Silver"
"846","Diya Kulkarni","40","Thiruvananthapuram","""2026-07-20""","Silver"
"847","Karan Nair","22","Bhopal","""2025-11-20""","Bronze"
"848","Mohit Kapoor","58","Indore","""2025-03-09""","Bronze"
"849","Aarav Kulkarni","37","Thiruvananthapuram","""2025-10-21""","Bronze"
"850","Arjun Mehta","51","Delhi","""2024-11-08""","Bronze"
"851","Suresh Mishra","41","Jaipur","""2025-02-15""","Bronze"
"852","Aadhya Verma","44","Thiruvananthapuram","""2025-02-11""","Bronze"
"853","Neha Bose","60","Thiruvananthapuram","""2026-07-08""","Bronze"
"854","Sneha Menon","55","Bhopal","""2026-05-26""","Bronze"
"855","Nisha Sinha","62","Mumbai","""2026-02-07""","Silver"
"856","Vikram Das","44","Jaipur","""2025-01-13""","Bronze"
"857","Rajesh Verma","18","Thiruvananthapuram","""2025-06-14""","Bronze"
"858","Aanya Banerjee","37","Indore","""2026-06-26""","Bronze"
"859","Ishaan Mishra","30","Kochi","""2024-10-06""","Silver"
"860","Mohit Rao","56","Surat","""2025-12-22""","Bronze"
"861","Suresh Malhotra","28","Kochi","""2025-01-04""","Silver"
"862","Kavya Joshi","28","Chennai","""2025-02-07""","Bronze"
"863","Deepak Bose","59","Kolkata","""2026-06-12""","Silver"
"864","Reyansh Saxena","31","Jaipur","""2024-12-14""","Silver"
"865","Krishna Malhotra","43","Delhi","""2024-12-02""","Bronze"
"866","Aadhya Iyer","23","Ahmedabad","""2025-04-07""","Bronze"
"867","Pooja Kulkarni","29","Chandigarh","""2025-02-11""","Silver"
"868","Rajesh Gupta","47","Chennai","""2024-10-30""","Bronze"
"869","Ananya Kapoor","24","Kolkata","""2026-03-26""","Silver"
"870","Shruti Menon","39","Vadodara","""2025-11-06""","Bronze"
"871","Krishna Sinha","55","Jaipur","""2025-04-14""","Silver"
"872","Swati Joshi","38","Bangalore","""2025-06-24""","Bronze"
"873","Suresh Verma","33","Coimbatore","""2025-10-02""","Bronze"
"874","Nisha Pillai","55","Ahmedabad","""2026-01-28""","Bronze"
"875","Neha Gupta","57","Pune","""2026-06-04""","Silver"
"876","Anjali Kulkarni","32","Chandigarh","""2025-01-20""","Bronze"
"877","Sai Singh","58","Vizag","""2026-03-14""","Silver"
"878","Nisha Reddy","50","Vadodara","""2025-04-22""","Bronze"
"879","Ananya Patel","58","Nagpur","""2025-02-19""","Silver"
"880","Kavya Sinha","64","Coimbatore","""2024-10-24""","Bronze"
"881","Rahul Malhotra","62","Vadodara","""2026-01-15""","Bronze"
"882","Neha Kumar","45","Thiruvananthapuram","""2026-07-21""","Bronze"
"883","Deepak Patil","32","Bhopal","""2026-02-03""","Bronze"
"884","Diya Kulkarni","54","Indore","""2025-12-16""","Bronze"
"885","Nikhil Patel","39","Nagpur","""2025-10-16""","Silver"
"886","Sara Menon","63","Kolkata","""2026-02-23""","Bronze"
"887","Deepak Kumar","42","Chandigarh","""2025-06-30""","Bronze"
"888","Riya Rao","20","Chennai","""2026-07-05""","Bronze"
"889","Neha Mukherjee","62","Surat","""2025-07-21""","Bronze"
"890","Diya Gupta","18","Mumbai","""2025-03-24""","Bronze"
"891","Mohit Menon","50","Bhopal","""2026-01-27""","Silver"
"892","Karan Iyer","50","Vadodara","""2026-01-20""","Silver"
"893","Vikram Gupta","23","Vadodara","""2024-10-21""","Bronze"
"894","Aanya Rao","29","Jaipur","""2025-10-02""","Silver"
"895","Nikhil Sharma","56","Vadodara","""2025-12-30""","Bronze"
"896","Meera Rao","31","Hyderabad","""2025-02-24""","Bronze"
"897","Vikram Banerjee","54","Vadodara","""2026-01-24""","Silver"
"898","Aanya Verma","32","Vizag","""2026-01-18""","Silver"
"899","Ishaan Kumar","53","Hyderabad","""2025-08-26""","Bronze"
"900","Arjun Rao","44","Vadodara","""2025-08-20""","Silver"
"901","Ishaan Agarwal","26","Mumbai","""2026-01-05""","Silver"
"902","Sai Chatterjee","56","Bhopal","""2025-12-11""","Silver"
"903","Swati Nair","35","Surat","""2026-01-05""","Bronze"
"904","Neha Pillai","39","Chennai","""2026-05-23""","Bronze"
"905","Aditya Nair","25","Vadodara","""2024-10-10""","Bronze"
"906","Kavya Verma","63","Lucknow","""2025-04-01""","Bronze"
"907","Riya Sinha","49","Thiruvananthapuram","""2026-01-14""","Silver"
"908","Nikhil Iyer","39","Jaipur","""2024-11-25""","Silver"
"909","Vivaan Sharma","28","Lucknow","""2025-09-11""","Bronze"
"910","Krishna Kumar","36","Bhopal","""2025-03-03""","Bronze"
"911","Amit Gupta","30","Hyderabad","""2024-10-15""","Bronze"
"912","Pooja Saxena","61","Bangalore","""2024-11-14""","Silver"
"913","Riya Kapoor","19","Delhi","""2024-10-04""","Silver"
"914","Anjali Menon","35","Nagpur","""2025-11-01""","Bronze"
"915","Ishaan Sinha","46","Mumbai","""2025-01-12""","Silver"
"916","Isha Desai","19","Indore","""2025-01-30""","Bronze"
"917","Anjali Malhotra","28","Hyderabad","""2024-10-16""","Bronze"
"918","Karan Iyer","47","Ahmedabad","""2025-12-17""","Bronze"
"919","Krishna Banerjee","30","Bangalore","""2025-11-12""","Bronze"
"920","Ananya Mukherjee","59","Mumbai","""2025-06-06""","Bronze"
"921","Vikram Chopra","53","Bangalore","""2025-07-14""","Bronze"
"922","Isha Rao","57","Ahmedabad","""2025-07-11""","Silver"
"923","Aadhya Mishra","37","Kolkata","""2026-01-03""","Bronze"
"924","Divya Agarwal","62","Ahmedabad","""2024-10-13""","Bronze"
"925","Sai Kulkarni","54","Kochi","""2025-08-19""","Bronze"
"926","Neha Sinha","60","Chandigarh","""2025-12-26""","Bronze"
"927","Shruti Malhotra","20","Vadodara","""2025-11-01""","Silver"
"928","Reyansh Iyer","61","Nagpur","""2025-08-18""","Bronze"
"929","Nisha Desai","25","Bangalore","""2025-09-16""","Silver"
"930","Pooja Banerjee","56","Pune","""2026-03-28""","Bronze"
"931","Aadhya Pillai","55","Kochi","""2024-12-22""","Bronze"
"932","Ishaan Agarwal","56","Chandigarh","""2024-10-31""","Bronze"
"933","Anjali Menon","61","Jaipur","""2026-04-12""","Bronze"
"934","Pooja Sharma","19","Nagpur","""2026-04-29""","Silver"
"935","Tanvi Mishra","51","Kochi","""2024-10-14""","Bronze"
"936","Priya Iyer","18","Lucknow","""2026-03-14""","Silver"
"937","Aarav Singh","27","Bhopal","""2025-10-15""","Bronze"
"938","Tanvi Sinha","19","Vizag","""2025-01-04""","Bronze"
"939","Shruti Pillai","23","Vadodara","""2025-08-30""","Bronze"
"940","Vihaan Joshi","63","Thiruvananthapuram","""2025-10-22""","Bronze"
"941","Swati Kulkarni","57","Coimbatore","""2024-11-16""","Silver"
"942","Karan Patil","20","Bhopal","""2026-06-25""","Bronze"
"943","Swati Mishra","55","Vadodara","""2025-05-01""","Bronze"
"944","Meera Singh","33","Vadodara","""2026-01-03""","Bronze"
"945","Suresh Singh","20","Ahmedabad","""2026-05-17""","Bronze"
"946","Ishaan Iyer","54","Pune","""2026-02-26""","Bronze"
"947","Isha Chatterjee","60","Vadodara","""2024-11-05""","Bronze"
"948","Reyansh Das","36","Kochi","""2025-10-14""","Bronze"
"949","Riya Desai","50","Lucknow","""2025-04-24""","Silver"
"950","Vikram Mukherjee","42","Kolkata","""2025-07-07""","Silver"
"951","Reyansh Singh","35","Mumbai","""2026-07-27""","Silver"
"952","Sneha Mehta","39","Coimbatore","""2025-05-11""","Bronze"
"953","Ishaan Mishra","27","Nagpur","""2025-06-20""","Bronze"
"954","Karan Patel","23","Hyderabad","""2026-04-17""","Silver"
"955","Meera Iyer","43","Nagpur","""2026-01-17""","Silver"
"956","Swati Kumar","20","Coimbatore","""2025-08-28""","Bronze"
"957","Rohan Saxena","26","Vizag","""2026-02-10""","Bronze"
"958","Neha Patel","27","Vizag","""2025-06-01""","Silver"
"959","Karan Rao","33","Vizag","""2025-01-13""","Bronze"
"960","Krishna Sharma","23","Nagpur","""2025-11-11""","Silver"
"961","Divya Menon","45","Kolkata","""2025-12-11""","Bronze"
"962","Nikhil Chatterjee","42","Indore","""2026-07-09""","Bronze"
"963","Ananya Joshi","22","Hyderabad","""2026-03-13""","Bronze"
"964","Ananya Shah","22","Coimbatore","""2025-04-03""","Bronze"
"965","Diya Sharma","50","Surat","""2025-08-03""","Bronze"
"966","Nikhil Rao","29","Coimbatore","""2025-07-09""","Bronze"
"967","Anjali Mukherjee","58","Nagpur","""2025-10-22""","Bronze"
"968","Aadhya Iyer","19","Indore","""2025-10-23""","Bronze"
"969","Meera Patel","56","Hyderabad","""2025-04-14""","Bronze"
"970","Deepak Das","28","Surat","""2025-08-15""","Bronze"
"971","Neha Nair","32","Coimbatore","""2026-06-13""","Bronze"
"972","Krishna Sharma","21","Bangalore","""2024-12-05""","Silver"
"973","Vikram Kapoor","38","Delhi","""2025-02-16""","Bronze"
"974","Neha Verma","55","Coimbatore","""2025-01-10""","Silver"
"975","Meera Singh","31","Hyderabad","""2025-04-28""","Bronze"
"976","Amit Patil","59","Chandigarh","""2024-10-22""","Bronze"
"977","Divya Joshi","28","Kochi","""2026-01-24""","Silver"
"978","Rahul Kulkarni","58","Kolkata","""2026-07-12""","Silver"
"979","Diya Banerjee","26","Bangalore","""2025-03-20""","Bronze"
"980","Nikhil Singh","65","Chennai","""2026-06-21""","Bronze"
"981","Meera Rao","57","Coimbatore","""2025-12-02""","Silver"
"982","Tanvi Mehta","50","Vizag","""2026-01-11""","Bronze"
"983","Nikhil Sinha","50","Indore","""2025-09-28""","Silver"
"984","Deepak Reddy","43","Lucknow","""2025-06-04""","Bronze"
"985","Meera Gupta","59","Chandigarh","""2025-04-17""","Silver"
"986","Swati Das","58","Kochi","""2026-05-25""","Bronze"
"987","Rohan Kapoor","36","Nagpur","""2026-07-25""","Silver"
"988","Sneha Rao","35","Coimbatore","""2025-08-30""","Bronze"
"989","Rahul Patel","49","Ahmedabad","""2025-10-06""","Bronze"
"990","Riya Patil","25","Ahmedabad","""2025-08-20""","Silver"
"991","Isha Singh","34","Bangalore","""2024-10-10""","Bronze"
"992","Swati Banerjee","58","Delhi","""2026-07-10""","Bronze"
"993","Tanvi Joshi","45","Nagpur","""2025-11-24""","Bronze"
"994","Vikram Malhotra","35","Chandigarh","""2025-06-27""","Bronze"
"995","Deepak Iyer","31","Hyderabad","""2026-01-23""","Bronze"
"996","Aadhya Nair","57","Coimbatore","""2025-05-12""","Bronze"
"997","Nisha Shah","56","Bangalore","""2025-06-07""","Bronze"
"998","Nisha Mukherjee","63","Ahmedabad","""2026-01-15""","Bronze"
"999","Pooja Malhotra","26","Thiruvananthapuram","""2026-03-27""","Bronze"
"1000","Priya Mukherjee","23","Surat","""2025-09-28""","Silver"
